evidence_id,ingredient_or_formula,species_population,decision_context,evidence_status,evidence_summary,scientific_limitations,source_urls,verified_at
EVID_DOG_OA_OMEGA3_001,Omega-3 fatty acids (EPA/DHA; fish-oil enriched diets/supplements),Dogs with naturally occurring osteoarthritis,Joint pain/mobility support,VERIFIED_SUPPORTIVE,"Multiple controlled canine trials and a 2022 systematic review/meta-analysis support a potential benefit of fish-derived omega-3 fatty acids for osteoarthritis-related pain or mobility, although not every trial was positive.",Evidence is formulation- and dose-dependent; enriched diets or specific fish-oil preparations do not establish efficacy of every commercial omega-3 product.,https://pmc.ncbi.nlm.nih.gov/articles/PMC9499673/ | https://pubmed.ncbi.nlm.nih.gov/20043800/,2026-09-12
EVID_DOG_OA_GLU_CS_001,Glucosamine + chondroitin,Dogs with osteoarthritis,Joint pain/mobility support,MIXED,"Canine trials have produced conflicting results, and a 2022 meta-analysis found a marked non-effect for chondroitin-glucosamine nutraceuticals for analgesia.","Formulations, doses, outcomes and study designs vary; ingredient evidence does not prove efficacy of a specific product.",https://pubmed.ncbi.nlm.nih.gov/16647870/ | https://pmc.ncbi.nlm.nih.gov/articles/PMC9499673/,2026-09-12
EVID_DOG_OA_GLM_001,Green-lipped mussel (Perna canaliculus),Dogs with osteoarthritis/degenerative joint disease,Joint pain/mobility support,VERIFIED_SUPPORTIVE,"Several controlled canine studies reported improvements in selected pain, mobility or arthritis measures with green-lipped mussel preparations.","Extracts, doses, diets and outcome measures differ; evidence does not establish efficacy of every product listing green-lipped mussel.",https://pubmed.ncbi.nlm.nih.gov/16751841/ | https://pubmed.ncbi.nlm.nih.gov/18955269/,2026-09-12
EVID_DOG_OA_UCII_001,Undenatured type II collagen (UC-II or equivalent),Dogs with naturally occurring osteoarthritis or mobility disorder,Joint pain/mobility support,MIXED,"Randomized canine studies report favorable outcomes for undenatured type II collagen, but the evidence base remains limited and some trials use combination products.",Do not map this evidence to generic or hydrolyzed collagen. Combination trials prevent attribution to UC-II alone.,https://pubmed.ncbi.nlm.nih.gov/35853328/ | https://pubmed.ncbi.nlm.nih.gov/39475935/,2026-09-12
EVID_DOG_OA_CURCUMIN_001,Turmeric/curcuminoid extracts,Dogs with osteoarthritis,Joint pain/mobility support,MIXED,Canine randomized evidence is inconsistent; some subjective outcomes improved while objective endpoints were not consistently different.,"Many studies use multi-ingredient combinations and extracts with differing bioavailability, limiting ingredient-specific inference.",https://pubmed.ncbi.nlm.nih.gov/12723628/ | https://pubmed.ncbi.nlm.nih.gov/29262825/,2026-09-12
EVID_DOG_OA_BOSWELLIA_001,Boswellia serrata,Dogs with osteoarthritis,Joint pain/mobility support,INSUFFICIENT,"Canine studies provide signals of benefit for Boswellia-containing interventions, but controlled evidence often uses multi-ingredient products.",Independent efficacy of Boswellia cannot be established from combination-product trials.,https://pubmed.ncbi.nlm.nih.gov/39475935/ | https://pubmed.ncbi.nlm.nih.gov/35171954/,2026-09-12
EVID_DOG_OA_HA_001,Oral hyaluronic acid,Dogs with osteoarthritis/joint disease,Joint pain/mobility support,INSUFFICIENT,"Hyaluronic acid appears in canine joint-supplement studies, but evidence is commonly biomarker-focused or derived from multi-ingredient formulations.",Independent clinical benefit of orally administered hyaluronic acid is not established from the evidence reviewed.,https://pubmed.ncbi.nlm.nih.gov/35171954/,2026-09-12
EVID_DOG_OA_EGGSHELL_001,Eggshell membrane,Dogs with suboptimal joint function or osteoarthritis,Joint pain/mobility support,MIXED,"Placebo-controlled canine studies show some favorable mobility or function findings, but results are not uniformly significant.",Positive outcomes may be secondary or time-specific; combination formulas prevent attribution to eggshell membrane alone.,https://pubmed.ncbi.nlm.nih.gov/30050844/ | https://pubmed.ncbi.nlm.nih.gov/31685140/,2026-09-12
EVID_DOG_OA_MSM_001,Methylsulfonylmethane (MSM),Dogs with osteoarthritis,Joint pain/mobility support,INSUFFICIENT,"MSM is common in canine joint supplements, but canine-specific standalone randomized clinical evidence identified in this review is insufficient for an independent efficacy conclusion.",Human osteoarthritis evidence should not be extrapolated directly to dogs; multi-ingredient canine products cannot isolate MSM contribution.,,2026-09-12
EVID_DOG_OA_ASU_001,Avocado/soybean unsaponifiables (ASU),Dogs with osteoarthritis,Joint structure / pain / mobility support,MIXED,"Canine evidence includes experimental structural data and limited clinical evidence, while consensus guidance characterizes supplement evidence as limited or equivocal.",Experimental surgically induced OA findings do not directly establish symptomatic benefit in naturally occurring OA; newer clinical products often combine ASU with fish oil and phytotherapeutics.,https://pubmed.ncbi.nlm.nih.gov/19291317/ | https://pmc.ncbi.nlm.nih.gov/articles/PMC10436090/,2026-09-12
EVID_DOG_OA_BCP_001,Specific bioactive collagen peptides / collagen hydrolysate,Dogs with naturally occurring osteoarthritis,Joint pain/mobility support,MIXED,"A 2024 placebo-controlled double-blind canine study reported improvements in kinetic parameters and quality of life with a specific bioactive collagen peptide preparation, while broader systematic evidence for collagen has been weak.","Evidence is preparation-specific; do not generalize to all products labeled collagen, collagen peptides, or hydrolyzed collagen.",https://pubmed.ncbi.nlm.nih.gov/39298537/ | https://pmc.ncbi.nlm.nih.gov/articles/PMC9499673/,2026-09-12
EVID_DOG_OA_VITE_001,Vitamin E,Dogs with naturally occurring or experimental osteoarthritis,Joint pain/mobility support,INSUFFICIENT,"A 2023 randomized placebo-controlled trial in 57 dogs with naturally occurring osteoarthritis found no improvement in pain, lameness, quality of life or rescue analgesic use.",Earlier experimental-model findings do not establish symptomatic benefit in naturally occurring canine OA; vitamin E should not be presented as independently effective for joint pain.,https://pubmed.ncbi.nlm.nih.gov/37522795/ | https://pubmed.ncbi.nlm.nih.gov/24101795/,2026-09-12
