asin,score,rank,rating_value,review_count,bought_past_month_min,captured_at
B0002DGZ86,66.1633,45,4.4,17068,1000,2026-09-12T03:57:05.901Z
B0009YS9RS,76.3888,19,4.4,10511,6000,2026-09-12T03:41:55.727Z
B000ETLOAM,64.5934,54,4.7,2282,2000,2026-09-12T03:51:33.809Z
B000SSN04M,60.4791,72,4.7,2641,1000,2026-09-12T03:48:23.833Z
B000VKA92I,61.4569,65,4.6,3877,1000,2026-09-12T04:00:42.852Z
B000W8SSX6,34.4964,172,4.6,196,100,2026-09-12T04:00:58.716Z
B0015CV880,64.7107,52,4.6,9027,1000,2026-09-12T03:48:37.679Z
B001HWCIDM,50.5658,121,4.6,1884,300,2026-09-12T03:57:19.306Z
B002LVTTYE,77.8434,15,4.6,9027,7000,2026-09-12T03:30:59.642Z
B002LVTU20,58.11,88,4.6,1625,1000,2026-09-12T04:06:33.052Z
B0030V9HV4,73.0211,23,4.6,6882,4000,2026-09-12T04:08:03.802Z
B003ULL1NQ,98.5,1,4.7,79756,40000,2026-09-12T03:29:59.396Z
B003YKWIGC,93.8201,2,4.7,79756,20000,2026-09-12T03:28:50.755Z
B0041OOPK2,86.256,5,4.6,12735,20000,2026-09-12T03:35:57.671Z
B0041OOQ1K,83.6152,8,4.7,18992,10000,2026-09-12T03:32:58.127Z
B004OA5XNG,48.2402,132,4.4,1335,300,2026-09-12T04:09:35.004Z
B0081KTPQQ,83.6152,9,4.7,18992,10000,2026-09-12T03:46:44.893Z
B0083H586S,53.2051,114,4.5,2575,400,2026-09-12T04:01:09.521Z
B00C5PD7B2,37.5642,163,4.6,436,100,2026-09-12T03:56:28.464Z
B00EGOY0DO,55.6521,97,4.7,3750,400,2026-09-12T03:49:48.256Z
B00EUYLJDO,64.6911,53,4.6,1309,3000,2026-09-12T03:53:44.240Z
B00F4IJ1MQ,39.0273,161,4.6,638,100,2026-09-12T04:03:46.133Z
B00GZWOWG0,89.1404,4,4.7,79756,10000,2026-09-12T03:35:32.582Z
B00O5EHQNG,42.9807,150,4.4,691,200,2026-09-12T03:54:49.993Z
B00PXK1G50,62.4671,62,4.3,8950,900,2026-09-12T03:37:53.585Z
B00QJ9E2X2,54.0016,110,4.5,636,1000,2026-09-12T03:40:51.618Z
B00SX2N18A,59.2759,82,4.6,7407,500,2026-09-12T03:50:00.965Z
B00VJLMYA8,82.7733,10,4.4,27104,9000,2026-09-12T03:29:03.258Z
B00W1QVTBA,60.5106,71,4.6,3032,1000,2026-09-12T03:32:44.499Z
B00X82E6LG,,,4.6,153,,2026-09-12T04:06:45.475Z
B0116E4BUS,56.4175,94,4.5,2227,700,2026-09-12T04:01:52.806Z
B015WSNKV0,76.1961,20,4.7,3326,9000,2026-09-12T03:50:52.825Z
B016MY21XG,66.3288,44,4.5,15648,1000,2026-09-12T03:42:27.256Z
B0180N6REG,63.261,58,4.4,8032,1000,2026-09-12T03:42:51.614Z
B01AMTU1ZM,89.3555,3,4.6,28484,20000,2026-09-12T03:27:50.831Z
B01AOAASB6,,,4.4,589,,2026-09-12T03:56:38.853Z
B01E46PJCE,59.5693,78,4.7,2085,1000,2026-09-12T03:48:50.589Z
B01G3V3P0Q,83.827,7,4.7,20066,10000,2026-09-12T03:29:48.019Z
B01G3V3PMO,77.6472,16,4.5,7729,8000,2026-09-12T03:46:56.692Z
B01G3V3Q28,71.4727,27,4.6,4603,4000,2026-09-12T03:41:43.862Z
B01GW6FGJK,45.7897,139,4.4,706,300,2026-09-12T03:52:37.372Z
B01I5LWQ48,67.5402,34,4.6,5587,2000,2026-09-12T03:30:35.956Z
B01IRB05SU,49.9002,124,4.5,738,500,2026-09-12T03:53:17.664Z
B01MSTKY64,55.1564,101,4.4,978,1000,2026-09-12T03:27:04.789Z
B06Y5TR3S5,67.2511,38,4.3,7652,2000,2026-09-12T03:31:46.837Z
B07121B839,84.5461,6,4.6,27540,10000,2026-09-12T04:01:27.285Z
B071JWGTFR,76.8738,17,4.6,9195,6000,2026-09-12T03:47:08.363Z
B07218JGWH,77.9144,14,4.6,9195,7000,2026-09-12T03:33:22.275Z
B072VGJ7D5,67.2891,37,4.2,978,7000,2026-09-12T03:36:07.679Z
B073XDR7Y6,46.8971,136,4.6,726,300,2026-09-12T03:58:59.453Z
B075WGF2YM,47.0882,134,4.3,7652,100,2026-09-12T03:38:02.875Z
B0784Y7RXJ,59.5499,79,4.3,3488,1000,2026-09-12T03:58:17.387Z
B07876XQJK,65.4355,48,4.6,3234,2000,2026-09-12T03:42:37.706Z
B079QCXTXF,72.8007,24,4.6,10762,3000,2026-09-12T04:02:47.710Z
B079TDZQZZ,66.3819,43,4.4,5362,2000,2026-09-12T04:07:03.200Z
B079X44DB8,61.4477,66,4.4,5015,1000,2026-09-12T04:00:28.612Z
B079XRF9NQ,59.671,76,4.5,2776,1000,2026-09-12T03:45:26.810Z
B07CN7KQDY,49.1478,127,4.8,1005,300,2026-09-12T04:08:17.643Z
B07CPFNMJN,65.4932,47,4.7,2883,2000,2026-09-12T03:59:50.805Z
B07G2STJHN,64.9947,51,4.4,12600,1000,2026-09-12T03:40:40.118Z
B07GRMQLGK,78.3944,13,4.5,21394,5000,2026-09-12T03:59:25.444Z
B07L71N5FK,59.0056,84,4.6,3032,800,2026-09-12T03:47:33.631Z
B07LDF9Z9K,69.3232,30,4.3,13107,2000,2026-09-12T03:37:06.816Z
B07PBCWM4M,70.8399,28,4.4,17068,2000,2026-09-12T03:45:12.694Z
B07RM62JYB,72.7867,25,4.4,8396,4000,2026-09-12T03:34:15.277Z
B07S95YVPP,71.5961,26,4.5,18242,2000,2026-09-12T03:33:11.397Z
B07W14XZ1C,60.3214,73,4.4,12600,500,2026-09-12T04:04:22.971Z
B07Y5HDHMM,62.5102,61,4.5,5804,1000,2026-09-12T04:05:11.517Z
B07Z2BSHF9,62.5112,60,4.4,22252,500,2026-09-12T03:39:07.895Z
B07ZL338H9,55.0256,103,4.5,4132,400,2026-09-12T03:50:13.730Z
B0849WTQJP,50.9889,120,4.7,3750,200,2026-09-12T03:57:31.854Z
B0868QMB4C,76.8332,18,4.4,11797,6000,2026-09-12T03:27:16.060Z
B086CF5KXJ,66.4946,42,4.3,6287,2000,2026-09-12T03:32:23.918Z
B08BJC7V2Q,56.6768,90,4.4,1452,1000,2026-09-12T03:46:31.728Z
B08CL1W21M,53.3296,113,4.5,534,1000,2026-09-12T03:34:36.674Z
B08PW1VPCT,51.5184,119,4.4,1280,500,2026-09-12T03:47:56.224Z
B08TLW1D5X,65.9018,46,4.4,2325,3000,2026-09-12T04:09:51.070Z
B08V554THK,52.7561,115,4.3,4914,300,2026-09-12T04:02:20.534Z
B08X1NSV9D,41.2505,154,4.2,281,300,2026-09-12T03:55:48.127Z
B096XD7WG1,56.6278,91,4.4,11797,300,2026-09-12T03:57:54.338Z
B0981DYLXJ,64.0305,57,4.4,11797,900,2026-09-12T03:43:42.061Z
B0981F3HDK,50.0296,123,4.3,4914,200,2026-09-12T04:07:21.518Z
B09JPRXH6J,47.0817,135,4.4,597,400,2026-09-12T03:41:00.777Z
B09JPV1NVJ,48.585,130,4.4,597,500,2026-09-12T03:53:06.712Z
B09JPW3C6V,64.5665,55,4.4,3346,2000,2026-09-12T03:33:34.407Z
B09JPW63RN,54.5166,107,4.2,1074,1000,2026-09-12T03:38:35.382Z
B09JPW81DT,56.4454,92,4.4,3346,600,2026-09-12T03:51:04.850Z
B09MSR2893,59.6101,77,4.1,1363,2000,2026-09-12T03:30:23.959Z
B09MSSPG8H,56.1261,95,4.3,1433,1000,2026-09-12T04:07:34.847Z
B09NB7D2Y4,59.3529,81,4.3,3314,1000,2026-09-12T03:34:57.650Z
B09R6K2XTG,60.1825,74,4.4,1071,2000,2026-09-12T03:51:45.517Z
B09WW447F7,60.8284,68,4.3,4862,1000,2026-09-12T03:37:29.176Z
B09YM6R8XB,50.5447,122,4.4,551,700,2026-09-12T03:35:44.843Z
B09ZLHPGKL,49.6586,126,4.4,1930,300,2026-09-12T03:47:20.668Z
B0B56G9DX7,70.4051,29,4.5,3972,4000,2026-09-12T03:27:29.242Z
B0BBMQH6DS,62.3358,63,4.4,11797,700,2026-09-12T03:56:50.639Z
B0BHBNLNM1,60.6696,69,4.6,460,3000,2026-09-12T04:00:03.695Z
B0BHC99KGY,62.958,59,4.7,442,4000,2026-09-12T03:30:11.163Z
B0BJPBGB8T,45.9706,138,4.6,3877,100,2026-09-12T04:03:02.621Z
B0BQ3X856M,58.5646,87,4.4,11797,400,2026-09-12T03:43:26.854Z
B0BQVLH9MB,56.437,93,4.5,1198,1000,2026-09-12T03:49:33.047Z
B0BS5FB57Q,65.2641,49,4.5,1730,3000,2026-09-12T03:34:27.351Z
B0BV7K8JNP,59.4921,80,4.3,3436,1000,2026-09-12T04:10:20.383Z
B0BV7KTTG4,54.1655,109,4.5,1625,600,2026-09-12T03:46:19.146Z
B0BX35TNYD,32.1469,175,4.3,157,100,2026-09-12T03:43:15.606Z
B0BXFWKBFV,60.5304,70,4.1,513,4000,2026-09-12T03:32:33.628Z
B0C17D8TGG,43.5633,147,4.5,706,200,2026-09-12T03:51:57.127Z
B0C1HG6XC8,82.3904,11,4.3,6889,20000,2026-09-12T03:27:39.602Z
B0C1HJX29T,76.023,21,4.3,4444,10000,2026-09-12T03:31:36.271Z
B0C2999BD5,64.5141,56,4.5,18242,700,2026-09-12T04:09:05.467Z
B0C2DWZWD9,61.8746,64,4.5,1460,2000,2026-09-12T03:38:56.377Z
B0C2JFLZHF,66.9293,39,4.5,1610,4000,2026-09-12T03:31:12.904Z
B0C43VWFFB,55.0366,102,4.4,948,1000,2026-09-12T03:49:05.975Z
B0C43W7GPB,53.5484,112,4.3,882,900,2026-09-12T03:44:33.726Z
B0C77SM2G2,45.2422,143,4.4,250,500,2026-09-12T03:53:57.983Z
B0C8JM9TNY,47.6597,133,4.5,412,500,2026-09-12T03:44:21.448Z
B0C8JMHYX5,54.8735,105,4.5,3972,400,2026-09-12T03:55:12.403Z
B0CBQQ1KV8,52.1634,116,4.4,449,1000,2026-09-12T03:41:21.277Z
B0CCYSHH44,54.7283,106,4.4,875,1000,2026-09-12T03:39:53.625Z
B0CD85BKRN,,,4.2,48,,2026-09-12T03:40:17.176Z
B0CGB26H7B,51.7291,117,4.4,401,1000,2026-09-12T03:44:45.486Z
B0CHMFCMWT,30.3462,178,4.5,252,50,2026-09-12T04:06:17.865Z
B0CHTZ6NCL,68.3934,32,4.4,2682,4000,2026-09-12T04:04:47.095Z
B0CJ5MJTKC,36.8467,166,4.5,412,100,2026-09-12T04:05:50.878Z
B0CN66F3ZN,55.0104,104,4.6,726,1000,2026-09-12T03:41:33.414Z
B0CNBCMC7F,59.8519,75,4.5,863,2000,2026-09-12T03:36:54.265Z
B0CNGG6WKG,43.0156,149,4.7,232,300,2026-09-12T04:07:48.333Z
B0CP74CYJH,40.0824,158,4.4,325,200,2026-09-12T03:58:43.167Z
B0CQMJPW6G,67.3248,36,4.5,876,6000,2026-09-12T03:42:05.952Z
B0CQMS4F2D,68.9358,31,4.5,1016,7000,2026-09-12T03:55:24.903Z
B0CS1CY3YL,55.5484,98,4.6,835,1000,2026-09-12T04:05:22.862Z
B0CTYMXY3K,58.5799,86,4.2,3713,900,2026-09-12T03:41:10.770Z
B0CXPH24BB,37.1546,165,4.1,224,200,2026-09-12T03:58:31.908Z
B0D1CFHPP4,45.7642,140,4.5,372,400,2026-09-12T04:05:35.984Z
B0D2PGTTRK,43.8042,146,4.2,3713,100,2026-09-12T03:59:37.033Z
B0D5RPCB44,44.2861,145,4.5,852,200,2026-09-12T04:01:39.762Z
B0D73TKB24,65.0794,50,4.6,1448,3000,2026-09-12T03:28:04.693Z
B0D94QYRV2,67.8955,33,4.3,4444,3000,2026-09-12T03:45:54.273Z
B0D94R6D8M,66.8467,40,4.3,6889,2000,2026-09-12T03:44:57.810Z
B0D94RWCYS,46.3767,137,4.4,186,700,2026-09-12T03:56:01.561Z
B0D94T86PJ,30.5125,177,4.1,133,100,2026-09-12T03:33:44.505Z
B0D94TMFW8,39.5431,160,4.2,180,300,2026-09-12T03:40:06.335Z
B0DK68Z557,55.4639,99,4.3,2254,700,2026-09-12T03:37:41.349Z
B0DP93N5PC,32.6099,174,4.7,105,100,2026-09-12T04:04:58.384Z
B0DQVT1RT1,41.6691,153,4.3,112,500,2026-09-12T03:55:00.633Z
B0DR3L7C27,58.7186,85,4.5,2607,900,2026-09-12T03:32:11.653Z
B0DW5J2GDL,,,3.8,9,,2026-09-12T03:56:13.571Z
B0DX452BBJ,,,4.0,34,,2026-09-12T03:38:24.586Z
B0DZD7S6CW,44.6994,144,4.4,217,500,2026-09-12T03:45:40.623Z
B0F193H3FG,57.0967,89,4.6,370,2000,2026-09-12T03:28:17.774Z
B0F1YQNHCR,31.4237,176,4.4,114,100,2026-09-12T04:09:19.230Z
B0F24RLLLJ,24.9509,182,4.2,91,50,2026-09-12T04:08:32.515Z
B0F24S52TY,48.2739,131,4.4,814,400,2026-09-12T03:48:10.817Z
B0F2GBCPTX,48.9881,128,4.5,9667,100,2026-09-12T03:57:42.381Z
B0F2GBXK15,48.9881,129,4.5,9667,100,2026-09-12T04:08:48.588Z
B0F3XHFJ9Y,67.4802,35,4.5,1256,5000,2026-09-12T03:39:31.659Z
B0F74GDTYK,66.6108,41,4.3,3183,3000,2026-09-12T03:29:24.898Z
B0F9FX336K,41.0763,155,4.4,421,200,2026-09-12T03:50:27.803Z
B0FBBJV1L2,35.899,169,4.4,109,200,2026-09-12T03:54:23.281Z
B0FBBQKVYL,55.9057,96,4.3,401,2000,2026-09-12T03:31:58.377Z
B0FBYCH56S,41.8328,152,4.4,152,400,2026-09-12T04:00:14.578Z
B0FDLDF7BP,33.9318,173,4.2,285,100,2026-09-12T04:03:57.900Z
B0FDLDKRCH,43.2415,148,4.2,285,400,2026-09-12T03:52:52.737Z
B0FKN53BDF,28.6357,179,4.6,42,100,2026-09-12T03:36:19.745Z
B0FM9GTR9Z,73.4489,22,4.6,12735,3000,2026-09-12T04:04:11.155Z
B0FMB5W2HD,78.9358,12,4.7,18992,5000,2026-09-12T03:37:18.572Z
B0FS247J2S,51.5634,118,4.6,296,1000,2026-09-12T03:35:09.616Z
B0FS7DGGYF,42.7071,151,4.4,191,400,2026-09-12T03:39:18.844Z
B0FT8J6CCN,37.2646,164,4.3,35,500,2026-09-12T03:36:31.597Z
B0FT91WF2T,45.2521,142,4.3,158,700,2026-09-12T03:54:36.338Z
B0FTPT48RK,35.4397,170,4.1,70,300,2026-09-12T03:43:56.228Z
B0FVDXM38F,23.2819,185,4.4,45,50,2026-09-12T03:46:05.540Z
B0FWR9RV1H,23.0055,186,4.7,28,50,2026-09-12T03:52:22.239Z
B0FZ3FYN17,,,4.4,25,,2026-09-12T03:40:28.553Z
B0G1SLB4FT,61.437,67,4.5,4392,1000,2026-09-12T03:28:40.021Z
B0G3478WW6,40.3889,156,4.8,209,200,2026-09-12T03:38:46.731Z
B0G43B5V9C,36.8138,168,4.6,52,300,2026-09-12T03:33:54.573Z
B0G6XPKKQF,,,4.2,30,,2026-09-12T03:55:35.310Z
B0GCNVN2HX,59.1271,83,4.4,814,2000,2026-09-12T03:28:27.557Z
B0GD1KD5K4,40.2685,157,4.2,64,600,2026-09-12T03:35:21.280Z
B0GF2P2ZR9,38.2919,162,4.4,60,400,2026-09-12T04:04:34.546Z
B0GHRG7RJ1,35.2679,171,4.5,81,200,2026-09-12T03:31:23.586Z
B0GJTJY3DF,45.4048,141,4.6,59,1000,2026-09-12T04:02:35.497Z
B0GL2V8KHV,20.7438,191,4.0,39,50,2026-09-12T03:39:41.637Z
B0GM9PB6TF,23.5462,184,4.6,37,50,2026-09-12T03:58:05.729Z
B0GR22BTGV,49.6758,125,4.6,53,2000,2026-09-12T04:02:06.779Z
B0GRWVX853,53.7534,111,4.5,1460,600,2026-09-12T04:03:14.499Z
B0GRWYQ3NY,55.169,100,4.5,1610,700,2026-09-12T03:51:20.511Z
B0GSZCT2FZ,,,4.1,25,,2026-09-12T03:54:10.436Z
B0GTRNFYW5,22.9458,187,4.3,47,50,2026-09-12T04:06:05.404Z
B0GXVKPF19,27.7927,180,4.3,50,100,2026-09-12T04:10:05.406Z
B0GYJ9G4H2,40.0256,159,4.8,27,600,2026-09-12T03:34:46.807Z
B0GYQRS28J,21.136,189,4.3,29,50,2026-09-12T03:59:10.795Z
B0GZH9GZ37,22.8862,188,4.5,10,100,2026-09-12T03:52:09.330Z
B0GZPYP6VH,,,4.9,21,,2026-09-12T03:29:13.386Z
B0H1623TQJ,,,4.6,33,,2026-09-12T03:30:47.933Z
B0H2CQ46HN,24.9907,181,4.5,18,100,2026-09-12T04:03:29.770Z
B0H2DQ2GJX,36.8179,167,4.6,359,100,2026-09-12T03:44:09.798Z
B0H2HN96V8,,,4.5,505,,2026-09-12T03:49:20.652Z
B0H3KJM12C,24.6135,183,5.0,8,100,2026-09-12T03:50:38.236Z
B0H3WQ495B,,,4.5,4,,2026-09-12T03:36:42.514Z
B0H4VRLDSJ,,,4.4,631,,2026-09-12T03:34:05.667Z
B0H55PVFDY,,,4.5,12,,2026-09-12T03:38:11.880Z
B0H5895F9C,,,4.3,20,,2026-09-12T03:53:31.639Z
B0H73HXPNY,54.3754,108,4.6,182,2000,2026-09-12T03:29:35.866Z
B0H9G6KRQN,,,5.0,3,,2026-09-12T03:43:04.239Z
B0H9ZMRHN5,21.0192,190,4.2,9,100,2026-09-12T03:47:43.860Z
B0HG1CMQPV,,,5.0,17,,2026-09-12T03:42:17.416Z
