"asin","product_name","product_name_status","formula_family","formula_display","form_factor","form_display","key_distinction","our_take","price_tier","primary_need","decision_axis","decision_question","scientific_evidence_status","amazon_url","affiliate_url","affiliate_enabled","analysis_url","source_status"
"B0C43W7GPB","Bernie's Marvelous Mobility Dog Joint Supplement, Pork, 90 Soft Chews","VERIFIED","GLM_LED","Green-lipped mussel–led formula","SOFT_CHEW","Soft Chew","turmeric, boswellia, green-lipped mussel","Mobility-focused soft chew; compare its ingredient blend with simpler formulas.","High","Mobility support","Ingredients and formula","How does a green-lipped-mussel-led formula differ from a traditional glucosamine/chondroitin/MSM-centered option, and what evidence is needed before treating that difference as better?","VERIFICATION_REQUIRED","https://www.amazon.com/dp/B0C43W7GPB","","False","/pet/dog-joint/product.html?asin=B0C43W7GPB","AFFILIATE_ANALYSIS_V2_1_1"
"B0081KTPQQ","Nutramax Dasuquin MSM Joint Supplement for Large Dogs, Soft Chews, 150ct","VERIFIED","GCM_PLUS_OMEGA_3+BOSWELLIA+ASU","Glucosamine + chondroitin + MSM + Omega-3 + boswellia + ASU","SOFT_CHEW","Soft Chew","omega-3, boswellia, ASU","Mobility-focused soft chew; compare its ingredient blend with simpler formulas.","High","Mobility support","Ingredients and formula","Are the added ASU and boswellia useful enough to justify choosing this over a simpler glucosamine/chondroitin/MSM product?","VERIFICATION_REQUIRED","https://www.amazon.com/dp/B0081KTPQQ","","False","/pet/dog-joint/product.html?asin=B0081KTPQQ","AFFILIATE_ANALYSIS_V2_1_1"
"B06Y5TR3S5","Dr. Joseph's VetPro Complete Dog Hip & Joint Wellness Supplement – High-Strength Glucosamine, MSM, Omega & Chondroitin Chews and Breeds – Vet Formulated Chicken Dog Treat - 120 Count","VERIFIED","GCM_PLUS_OMEGA_3+TURMERIC","Glucosamine + chondroitin + MSM + Omega-3 + turmeric","TREAT","Treat","omega-3, turmeric","Mobility-focused treat; compare its ingredient blend with simpler formulas.","High","Mobility support","Ingredients and formula","Do the added omega-3 oils or plant ingredients offer a meaningful reason to choose this over a simpler blend?","VERIFICATION_REQUIRED","https://www.amazon.com/dp/B06Y5TR3S5","","False","/pet/dog-joint/product.html?asin=B06Y5TR3S5","AFFILIATE_ANALYSIS_V2_1_1"
"B072VGJ7D5","Hip & Joint Supplement for Dogs - Plasma Powered Soft Chews for Joint Health & Mobility – Fast-Acting with Collagen & Natural Ingredients for Dogs of All Breeds – 60 Chews","VERIFIED","OTHER_OR_UNKNOWN","Formula details limited","SOFT_CHEW","Soft Chew","less common ingredient blend","Mobility-focused soft chew; compare its ingredient blend with simpler formulas.","Medium","Mobility support","Ingredients and formula","What clear benefit does this less common ingredient blend offer compared with a familiar glucosamine/chondroitin/MSM product?","VERIFICATION_REQUIRED","https://www.amazon.com/dp/B072VGJ7D5","","False","/pet/dog-joint/product.html?asin=B072VGJ7D5","AFFILIATE_ANALYSIS_V2_1_1"
"B07S95YVPP","Pet Honesty Vet Recommended Hip and Joint Supplement for Dogs, 90 Count","VERIFIED","GCM_PLUS_GREEN_LIPPED_MUSSEL","Glucosamine + chondroitin + MSM + green-lipped mussel","OTHER_OR_UNKNOWN","Form not confirmed","green-lipped mussel","Mobility-focused form not confirmed; compare its ingredient blend with simpler formulas.","High","Mobility support","Ingredients and formula","How does a green-lipped-mussel-led formula differ from a traditional glucosamine/chondroitin/MSM-centered option, and what evidence is needed before treating that difference as better?","VERIFICATION_REQUIRED","https://www.amazon.com/dp/B07S95YVPP","","False","/pet/dog-joint/product.html?asin=B07S95YVPP","AFFILIATE_ANALYSIS_V2_1_1"
"B09MSR2893","Pawfy Hip & Joint Supplement for Dogs with Glucosamine, Chondroitin & MSM, 30 Chews","VERIFIED","GCM_PLUS_OMEGA_3","Glucosamine + chondroitin + MSM + Omega-3","OTHER_OR_UNKNOWN","Form not confirmed","omega-3","Mobility-focused form not confirmed; compare its ingredient blend with simpler formulas.","Medium","Mobility support","Ingredients and formula","Do the added omega-3 oils or plant ingredients offer a meaningful reason to choose this over a simpler blend?","VERIFICATION_REQUIRED","https://www.amazon.com/dp/B09MSR2893","","False","/pet/dog-joint/product.html?asin=B09MSR2893","AFFILIATE_ANALYSIS_V2_1_1"
"B01AMTU1ZM","VetIQ Glucosamine Hip & Joint Supplement for Dogs, 180 Soft Chews, Joint Support Supplement with MSM and Krill, Dog Health Supplies Large & Small Breed, Chicken Flavored Chewables | Supports mobility for large & small breeds; glucosamine, MSM & krill oil; chicken-flavor chewable; daily joint support","VERIFIED","SPECIALTY_OMEGA_3+HYALURONIC_ACID","Omega-3 + hyaluronic acid","SOFT_CHEW","Soft Chew","omega-3, hyaluronic acid","Mobility-focused soft chew; compare its ingredient blend with simpler formulas.","Medium","Mobility support","Ingredients and formula","Does adding hyaluronic acid create a buyer-relevant difference versus a standard core joint formula?","VERIFICATION_REQUIRED","https://www.amazon.com/dp/B01AMTU1ZM","","False","/pet/dog-joint/product.html?asin=B01AMTU1ZM","AFFILIATE_ANALYSIS_V2_1_1"
"B01G3V3P0Q","Nutramax Cosequin Joint Supplement for Dogs, Skin & Coat, Soft Chews,120ct | Glucosamine & Chondroitin for Dogs with MSM, Omega-3s, Supports Joints, Skin and Coat Health, All Ages & Sizes","VERIFIED","GCM_CORE","Glucosamine + chondroitin + MSM","SOFT_CHEW","Soft Chew","familiar ingredient approach","Mobility-focused soft chew; compare its ingredient blend with simpler formulas.","Medium","Mobility support","Ingredients and formula","When might a familiar glucosamine/chondroitin/MSM product be a better fit than a more complex blend?","VERIFICATION_REQUIRED","https://www.amazon.com/dp/B01G3V3P0Q","","False","/pet/dog-joint/product.html?asin=B01G3V3P0Q","AFFILIATE_ANALYSIS_V2_1_1"
"B0C1HJX29T","Wuffes Advanced Hip & Joint Chews for Large Breed Dogs, Vet Recommended","VERIFIED","OTHER_OR_UNKNOWN","Formula details limited","SOFT_CHEW","Soft Chew","less common ingredient blend","Mobility-focused soft chew; compare its ingredient blend with simpler formulas.","High","Mobility support","Ingredients and formula","What clear benefit does this less common ingredient blend offer compared with a familiar glucosamine/chondroitin/MSM product?","VERIFICATION_REQUIRED","https://www.amazon.com/dp/B0C1HJX29T","","False","/pet/dog-joint/product.html?asin=B0C1HJX29T","AFFILIATE_ANALYSIS_V2_1_1"
"B0868QMB4C","STRELLALAB Advanced Glucosamine for Dogs, Chondroitin MSM Joint Supplement","VERIFIED","GCM_PLUS_OMEGA_3","Glucosamine + chondroitin + MSM + Omega-3","OTHER_OR_UNKNOWN","Form not confirmed","omega-3","Mobility-focused form not confirmed; compare its ingredient blend with simpler formulas.","Low","Mobility support","Ingredients and formula","For long-term use, what does this lower-price-tier product with an unconfirmed form give up or preserve versus a more typical standard joint supplement?","VERIFICATION_REQUIRED","https://www.amazon.com/dp/B0868QMB4C","","False","/pet/dog-joint/product.html?asin=B0868QMB4C","AFFILIATE_ANALYSIS_V2_1_1"
"B079X44DB8","Zesty Paws Glucosamine for Dogs - Senior Dog Joint Supplement, Chicken 90ct","VERIFIED","PARTIAL_CORE","Partial glucosamine/chondroitin/MSM blend","OTHER_OR_UNKNOWN","Form not confirmed","less common ingredient blend","Mobility-focused form not confirmed; compare its ingredient blend with simpler formulas.","High","Mobility support","Ingredients and formula","What is materially different about this senior-focused product with an unconfirmed form versus a general dog joint supplement?","VERIFICATION_REQUIRED","https://www.amazon.com/dp/B079X44DB8","","False","/pet/dog-joint/product.html?asin=B079X44DB8","AFFILIATE_ANALYSIS_V2_1_1"
"B08F8VLVKH","Zesty Paws Multi Collagen Soft Chews for Dogs, 90 Count","VERIFIED","SPECIALTY_HYALURONIC_ACID","hyaluronic acid","SOFT_CHEW","Soft Chew","hyaluronic acid","Mobility-focused soft chew; compare its ingredient blend with simpler formulas.","Medium","Mobility support","Ingredients and formula","Does adding hyaluronic acid create a buyer-relevant difference versus a standard core joint formula?","VERIFICATION_REQUIRED","https://www.amazon.com/dp/B08F8VLVKH","","False","/pet/dog-joint/product.html?asin=B08F8VLVKH","AFFILIATE_ANALYSIS_V2_1_1"
"B07RM62JYB","Zesty Paws Glucosamine for Dogs - Dog Joint Supplement, Bacon, 90 Ct","VERIFIED","GCM_CORE","Glucosamine + chondroitin + MSM","OTHER_OR_UNKNOWN","Form not confirmed","traditional glucosamine/chondroitin/MSM blend","Mobility-focused form not confirmed; compare its ingredient blend with simpler formulas.","Medium","Mobility support","Ingredients and formula","When might a familiar glucosamine/chondroitin/MSM product be a better fit than a more complex blend?","VERIFICATION_REQUIRED","https://www.amazon.com/dp/B07RM62JYB","","False","/pet/dog-joint/product.html?asin=B07RM62JYB","AFFILIATE_ANALYSIS_V2_1_1"
"B0BXFWKBFV","Jope Hip & Joint Supplement for Dogs Large, Medium, Small - Joint Chews w/UC-II® Collagen - Proven Better Than Glucosamine Chondroitin in Canine Health - Veterinarian Formulated, Omega 3 & Curcumin","VERIFIED","SPECIALTY_OMEGA_3+TURMERIC","Omega-3 + turmeric","SOFT_CHEW","Soft Chew","omega-3, turmeric","Mobility-focused soft chew; compare its ingredient blend with simpler formulas.","High","Mobility support","Ingredients and formula","Do the added omega-3 oils or plant ingredients offer a meaningful reason to choose this over a simpler blend?","VERIFICATION_REQUIRED","https://www.amazon.com/dp/B0BXFWKBFV","","False","/pet/dog-joint/product.html?asin=B0BXFWKBFV","AFFILIATE_ANALYSIS_V2_1_1"
"B07Z6KZZ7P","The Missing Link Collagen Care Hip & Joint Soft Chews for Dogs, 60 Count","VERIFIED","SPECIALTY_OMEGA_3+TURMERIC","Omega-3 + turmeric","SOFT_CHEW","Soft Chew","omega-3, turmeric","Mobility-focused soft chew; compare its ingredient blend with simpler formulas.","High","Mobility support","Ingredients and formula","Do the added omega-3 oils or plant ingredients offer a meaningful reason to choose this over a simpler blend?","VERIFICATION_REQUIRED","https://www.amazon.com/dp/B07Z6KZZ7P","","False","/pet/dog-joint/product.html?asin=B07Z6KZZ7P","AFFILIATE_ANALYSIS_V2_1_1"
"B0041OOPK2","Nutramax Dasuquin MSM Joint Supplement, Small/Med Dogs, Soft Chews, 84ct","VERIFIED","GCM_PLUS_BOSWELLIA+ASU","Glucosamine + chondroitin + MSM + boswellia + ASU","SOFT_CHEW","Soft Chew","boswellia, ASU","Mobility-focused soft chew; compare its ingredient blend with simpler formulas.","High","Mobility support","Ingredients and formula","Are the added ASU and boswellia useful enough to justify choosing this over a simpler glucosamine/chondroitin/MSM product?","VERIFICATION_REQUIRED","https://www.amazon.com/dp/B0041OOPK2","","False","/pet/dog-joint/product.html?asin=B0041OOPK2","AFFILIATE_ANALYSIS_V2_1_1"
"B0C1HG6XC8","Wuffes Advanced Hip & Joint Chews for Small & Medium Dogs, Vet Recommended","VERIFIED","OTHER_OR_UNKNOWN","Formula details limited","SOFT_CHEW","Soft Chew","familiar ingredient approach","Mobility-focused soft chew; compare its ingredient blend with simpler formulas.","Medium","Mobility support","Ingredients and formula","What clear benefit does this less common ingredient blend offer compared with a familiar glucosamine/chondroitin/MSM product?","VERIFICATION_REQUIRED","https://www.amazon.com/dp/B0C1HG6XC8","","False","/pet/dog-joint/product.html?asin=B0C1HG6XC8","AFFILIATE_ANALYSIS_V2_1_1"
"B0041OOQ1K","Nutramax Dasuquin MSM Joint Supplement for Large Dogs, Soft Chews, 84ct","VERIFIED","GCM_PLUS_BOSWELLIA+ASU","Glucosamine + chondroitin + MSM + boswellia + ASU","SOFT_CHEW","Soft Chew","boswellia, ASU","Mobility-focused soft chew; compare its ingredient blend with simpler formulas.","High","Mobility support","Ingredients and formula","Are the added ASU and boswellia useful enough to justify choosing this over a simpler glucosamine/chondroitin/MSM product?","VERIFICATION_REQUIRED","https://www.amazon.com/dp/B0041OOQ1K","","False","/pet/dog-joint/product.html?asin=B0041OOQ1K","AFFILIATE_ANALYSIS_V2_1_1"
"B015WSNKV0","Vetoquinol Flexadin Advanced Hip & Joint Supplement, 60 Chews","VERIFIED","SPECIALTY_OMEGA_3","Omega-3","SOFT_CHEW","Soft Chew","omega-3","Mobility-focused soft chew; compare its ingredient blend with simpler formulas.","High","Mobility support","Ingredients and formula","Do the added omega-3 oils or plant ingredients offer a meaningful reason to choose this over a simpler blend?","VERIFICATION_REQUIRED","https://www.amazon.com/dp/B015WSNKV0","","False","/pet/dog-joint/product.html?asin=B015WSNKV0","AFFILIATE_ANALYSIS_V2_1_1"
"B0CQMJPW6G","Nutramax Dasuquin Senior Joint Supplement for Small to Medium Dogs, 84 Soft Chews","VERIFIED","GCM_PLUS_OMEGA_3+BOSWELLIA+ASU","Glucosamine + chondroitin + MSM + Omega-3 + boswellia + ASU","SOFT_CHEW","Soft Chew","omega-3, boswellia, ASU","Mobility-focused soft chew; compare its ingredient blend with simpler formulas.","High","Mobility support","Ingredients and formula","What is materially different about this senior-positioned soft chew versus a general dog joint supplement?","VERIFICATION_REQUIRED","https://www.amazon.com/dp/B0CQMJPW6G","","False","/pet/dog-joint/product.html?asin=B0CQMJPW6G","AFFILIATE_ANALYSIS_V2_1_1"
"B0030V9HV4","Nutramax Dasuquin Joint Supplement, Small/Med Dogs, Soft Chews, 84ct","VERIFIED","SPECIALTY_BOSWELLIA+ASU","boswellia + ASU","SOFT_CHEW","Soft Chew","boswellia, ASU","Mobility-focused soft chew; compare its ingredient blend with simpler formulas.","High","Mobility support","Ingredients and formula","Are the added ASU and boswellia useful enough to justify choosing this over a simpler glucosamine/chondroitin/MSM product?","VERIFICATION_REQUIRED","https://www.amazon.com/dp/B0030V9HV4","","False","/pet/dog-joint/product.html?asin=B0030V9HV4","AFFILIATE_ANALYSIS_V2_1_1"
"B0B56G9DX7","Advanced Glucosamine for Dogs, Chondroitin & MSM Hip Joint Supplement Chews | Made in USA - Supports Hip Joint Mobility w/Omega-3 - Joint Pain Relief - Chewable Treats, All Breeds - Vet-Approved (120Ct)","VERIFIED","GCM_PLUS_OMEGA_3+HYALURONIC_ACID","Glucosamine + chondroitin + MSM + Omega-3 + hyaluronic acid","OTHER_OR_UNKNOWN","Form not confirmed","omega-3, hyaluronic acid","Mobility-focused form not confirmed; compare its ingredient blend with simpler formulas.","Medium","Mobility support","Ingredients and formula","What is materially different about this senior-focused product with an unconfirmed form versus a general dog joint supplement?","VERIFICATION_REQUIRED","https://www.amazon.com/dp/B0B56G9DX7","","False","/pet/dog-joint/product.html?asin=B0B56G9DX7","AFFILIATE_ANALYSIS_V2_1_1"
"B0FM9GTR9Z","Nutramax Dasuquin Joint Supplement for Small to Medium Dogs, 42 Soft Chews","VERIFIED","GCM_PLUS_BOSWELLIA+ASU","Glucosamine + chondroitin + MSM + boswellia + ASU","SOFT_CHEW","Soft Chew","boswellia, ASU","Mobility-focused soft chew; compare its ingredient blend with simpler formulas.","Medium","Mobility support","Ingredients and formula","Are the added ASU and boswellia useful enough to justify choosing this over a simpler glucosamine/chondroitin/MSM product?","VERIFICATION_REQUIRED","https://www.amazon.com/dp/B0FM9GTR9Z","","False","/pet/dog-joint/product.html?asin=B0FM9GTR9Z","AFFILIATE_ANALYSIS_V2_1_1"
"B000SSN04M","The Missing Link Hip & Joint + Probiotics Supplement for Dogs, 1 lb Powder","VERIFIED","GCM_PLUS_OMEGA_3+HYALURONIC_ACID","Glucosamine + chondroitin + MSM + Omega-3 + hyaluronic acid","POWDER","Powder","omega-3, hyaluronic acid","Mobility-focused powder; compare its ingredient blend with simpler formulas.","High","Mobility support","Ingredients and formula","Does adding hyaluronic acid create a buyer-relevant difference versus a standard core joint formula?","VERIFICATION_REQUIRED","https://www.amazon.com/dp/B000SSN04M","","False","/pet/dog-joint/product.html?asin=B000SSN04M","AFFILIATE_ANALYSIS_V2_1_1"
"B0DX452BBJ","Chew + Heal Dog Glucosamine Hip & Joint Supplement, Peanut Butter, 90 Soft Chews","VERIFIED","GCM_CORE","Glucosamine + chondroitin + MSM","SOFT_CHEW","Soft Chew","familiar ingredient approach","Mobility-focused soft chew; compare its ingredient blend with simpler formulas.","Medium","Mobility support","Ingredients and formula","What is materially different about this senior-positioned soft chew versus a general dog joint supplement?","VERIFICATION_REQUIRED","https://www.amazon.com/dp/B0DX452BBJ","","False","/pet/dog-joint/product.html?asin=B0DX452BBJ","AFFILIATE_ANALYSIS_V2_1_1"
"B0FBBQKVYL","Glucosamine for Senior Dogs Hip and Joint Supplement, 60 Mobility Chews | Made with Glucosamine, MSM, Chondroitin, Green Lipped Mussels and More","VERIFIED","PARTIAL_CORE","Partial glucosamine/chondroitin/MSM blend","SOFT_CHEW","Soft Chew","less common ingredient blend","Mobility-focused soft chew; compare its ingredient blend with simpler formulas.","Medium","Mobility support","Ingredients and formula","What is materially different about this senior-positioned soft chew versus a general dog joint supplement?","VERIFICATION_REQUIRED","https://www.amazon.com/dp/B0FBBQKVYL","","False","/pet/dog-joint/product.html?asin=B0FBBQKVYL","AFFILIATE_ANALYSIS_V2_1_1"
"B003ULL1NQ","Nutramax Cosequin Joint Supplement for Dogs, Chewable Tablets, 132ct | Glucosamine + Chondroitin for Dogs with MSM, Supports Healthy Joints, All Breeds & Sizes, All Ages","VERIFIED","GCM_CORE","Glucosamine + chondroitin + MSM","TABLET","Tablet","familiar ingredient approach","Mobility-focused tablet; compare its ingredient blend with simpler formulas.","Medium","Mobility support","Ingredients and formula","When might a familiar glucosamine/chondroitin/MSM product be a better fit than a more complex blend?","VERIFICATION_REQUIRED","https://www.amazon.com/dp/B003ULL1NQ","","False","/pet/dog-joint/product.html?asin=B003ULL1NQ","AFFILIATE_ANALYSIS_V2_1_1"
"B003YKWIGC","Nutramax Cosequin Joint Supplement, Glucosamine for Dogs, Chew Tabs, 60ct | Glucosamine & Chondroitin for Dogs, Supports Healthy Joints, Chewable Tablets for All Breeds & Sizes, All Ages","VERIFIED","GCM_CORE","Glucosamine + chondroitin + MSM","SOFT_CHEW","Soft Chew","value-positioned market anchor","Mobility-focused soft chew; compare its ingredient blend with simpler formulas.","Low","Mobility support","Ingredients and formula","For long-term use, what does this lower-price-tier soft chew option give up or preserve versus a more typical standard joint supplement?","VERIFICATION_REQUIRED","https://www.amazon.com/dp/B003YKWIGC","","False","/pet/dog-joint/product.html?asin=B003YKWIGC","AFFILIATE_ANALYSIS_V2_1_1"
"B07Z2BSHF9","YuMOVE Senior Dog Joint Supplement, 120 Chewable Tablets","VERIFIED","SPECIALTY_OMEGA_3+HYALURONIC_ACID+GREEN_LIPPED_MUSSEL","Omega-3 + hyaluronic acid + green-lipped mussel","OTHER_OR_UNKNOWN","Form not confirmed","omega-3, hyaluronic acid, green-lipped mussel","Mobility-focused form not confirmed; compare its ingredient blend with simpler formulas.","High","Mobility support","Ingredients and formula","What is materially different about this senior-focused product with an unconfirmed form versus a general dog joint supplement?","VERIFICATION_REQUIRED","https://www.amazon.com/dp/B07Z2BSHF9","","False","/pet/dog-joint/product.html?asin=B07Z2BSHF9","AFFILIATE_ANALYSIS_V2_1_1"
"B0F2GBCPTX","Joint Supplement for Dogs, 300mg Green-Lipped Mussels for Dog Arthritis","VERIFIED","GCM_PLUS_GREEN_LIPPED_MUSSEL","Glucosamine + chondroitin + MSM + green-lipped mussel","OTHER_OR_UNKNOWN","Form not confirmed","green-lipped mussel","Mobility-focused form not confirmed; compare its ingredient blend with simpler formulas.","Medium","Mobility support","Ingredients and formula","How does a green-lipped-mussel-led formula differ from a traditional glucosamine/chondroitin/MSM-centered option, and what evidence is needed before treating that difference as better?","VERIFICATION_REQUIRED","https://www.amazon.com/dp/B0F2GBCPTX","","False","/pet/dog-joint/product.html?asin=B0F2GBCPTX","AFFILIATE_ANALYSIS_V2_1_1"
"B0H1623TQJ","Product name not yet verified","UNRESOLVED","PARTIAL_CORE","Partial glucosamine/chondroitin/MSM blend","OTHER_OR_UNKNOWN","Form not confirmed","familiar ingredient approach","Mobility-focused form not confirmed; compare its ingredient blend with simpler formulas.","Medium","Mobility support","Ingredients and formula","How should a buyer compare this partly disclosed blend with a product that clearly lists glucosamine, chondroitin and MSM?","VERIFICATION_REQUIRED","https://www.amazon.com/dp/B0H1623TQJ","","False","/pet/dog-joint/product.html?asin=B0H1623TQJ","AFFILIATE_ANALYSIS_V2_1_1"
"B00GZWOWG0","Nutramax Cosequin Joint Supplement for Dogs, MSM+HA, Chew Tablets, 250ct","VERIFIED","GCM_CORE","Glucosamine + chondroitin + MSM","TABLET","Tablet","traditional glucosamine/chondroitin/MSM blend","Mobility-focused tablet; compare its ingredient blend with simpler formulas.","High","Mobility support","Ingredients and formula","When might a familiar glucosamine/chondroitin/MSM product be a better fit than a more complex blend?","VERIFICATION_REQUIRED","https://www.amazon.com/dp/B00GZWOWG0","","False","/pet/dog-joint/product.html?asin=B00GZWOWG0","AFFILIATE_ANALYSIS_V2_1_1"
"B0DQVT1RT1","PupFlex+ Hip and Joint Supplement Dogs, Vet Created Soft Chews w/UC-II® Collagen, CurcuVET® & Omega 3 - UC-II Collagen More Effective Than Glucosamine Chondroitin, Dog Joint Supplement (60 ct)","VERIFIED","SPECIALTY_OMEGA_3+BOSWELLIA","Omega-3 + boswellia","SOFT_CHEW","Soft Chew","omega-3, boswellia","Mobility-focused soft chew; compare its ingredient blend with simpler formulas.","High","Mobility support","Ingredients and formula","Do the added omega-3 oils or plant ingredients offer a meaningful reason to choose this over a simpler blend?","VERIFICATION_REQUIRED","https://www.amazon.com/dp/B0DQVT1RT1","","False","/pet/dog-joint/product.html?asin=B0DQVT1RT1","AFFILIATE_ANALYSIS_V2_1_1"
"B0F2GBXK15","Joint Supplement for Dogs with 300mg Green-Lipped Mussel, 50 Chewable Tablets","VERIFIED","GCM_PLUS_GREEN_LIPPED_MUSSEL","Glucosamine + chondroitin + MSM + green-lipped mussel","OTHER_OR_UNKNOWN","Form not confirmed","green-lipped mussel","Mobility-focused form not confirmed; compare its ingredient blend with simpler formulas.","Medium","Mobility support","Ingredients and formula","How does a green-lipped-mussel-led formula differ from a traditional glucosamine/chondroitin/MSM-centered option, and what evidence is needed before treating that difference as better?","VERIFICATION_REQUIRED","https://www.amazon.com/dp/B0F2GBXK15","","False","/pet/dog-joint/product.html?asin=B0F2GBXK15","AFFILIATE_ANALYSIS_V2_1_1"
"B08B3VCGCH","Veddelholzer Dog Joint Supplement, 125 Tablets","VERIFIED","GCM_PLUS_TURMERIC+GREEN_LIPPED_MUSSEL","Glucosamine + chondroitin + MSM + turmeric + green-lipped mussel","TABLET","Tablet","turmeric, green-lipped mussel","Mobility-focused tablet; compare its ingredient blend with simpler formulas.","Medium","Mobility support","Ingredients and formula","How does a green-lipped-mussel-led formula differ from a traditional glucosamine/chondroitin/MSM-centered option, and what evidence is needed before treating that difference as better?","VERIFICATION_REQUIRED","https://www.amazon.com/dp/B08B3VCGCH","","False","/pet/dog-joint/product.html?asin=B08B3VCGCH","AFFILIATE_ANALYSIS_V2_1_1"
"B0GDV2GDT8","Hip and Joint Supplement for Dogs Glucosamine Chondroitin MSM Chews","VERIFIED","GCM_PLUS_HYALURONIC_ACID+GREEN_LIPPED_MUSSEL","Glucosamine + chondroitin + MSM + hyaluronic acid + green-lipped mussel","SOFT_CHEW","Soft Chew","hyaluronic acid, green-lipped mussel","Mobility-focused soft chew; compare its ingredient blend with simpler formulas.","Medium","Mobility support","Ingredients and formula","How does a green-lipped-mussel-led formula differ from a traditional glucosamine/chondroitin/MSM-centered option, and what evidence is needed before treating that difference as better?","VERIFICATION_REQUIRED","https://www.amazon.com/dp/B0GDV2GDT8","","False","/pet/dog-joint/product.html?asin=B0GDV2GDT8","AFFILIATE_ANALYSIS_V2_1_1"
"B0GZPYP6VH","Product name not yet verified","UNRESOLVED","GCM_PLUS_OMEGA_3+HYALURONIC_ACID+TURMERIC+BOSWELLIA+GREEN_LIPPED_MUSSEL","Glucosamine + chondroitin + MSM + Omega-3 + hyaluronic acid + turmeric + boswellia + green-lipped mussel","SOFT_CHEW","Soft Chew","omega-3, hyaluronic acid, turmeric, boswellia, green-lipped mussel","Mobility-focused soft chew; compare its ingredient blend with simpler formulas.","Medium","Mobility support","Ingredients and formula","How does a green-lipped-mussel-led formula differ from a traditional glucosamine/chondroitin/MSM-centered option, and what evidence is needed before treating that difference as better?","VERIFICATION_REQUIRED","https://www.amazon.com/dp/B0GZPYP6VH","","False","/pet/dog-joint/product.html?asin=B0GZPYP6VH","AFFILIATE_ANALYSIS_V2_1_1"
"B071JWGTFR","Nutramax Cosequin Senior Dog Joint Supplement, 120 Soft Chews","VERIFIED","GCM_PLUS_OMEGA_3","Glucosamine + chondroitin + MSM + Omega-3","SOFT_CHEW","Soft Chew","omega-3","Mobility-focused soft chew; compare its ingredient blend with simpler formulas.","High","Mobility support","Ingredients and formula","What is materially different about this senior-positioned soft chew versus a general dog joint supplement?","VERIFICATION_REQUIRED","https://www.amazon.com/dp/B071JWGTFR","","False","/pet/dog-joint/product.html?asin=B071JWGTFR","AFFILIATE_ANALYSIS_V2_1_1"
"B0753LVSCB","Nutramax Cosequin Dog Joint Supplement, MSM & HA, Chewable Tablets, 75ct","VERIFIED","GCM_PLUS_HYALURONIC_ACID","Glucosamine + chondroitin + MSM + hyaluronic acid","TABLET","Tablet","hyaluronic acid","Mobility-focused tablet; compare its ingredient blend with simpler formulas.","Medium","Mobility support","Ingredients and formula","Does adding hyaluronic acid create a buyer-relevant difference versus a standard core joint formula?","VERIFICATION_REQUIRED","https://www.amazon.com/dp/B0753LVSCB","","False","/pet/dog-joint/product.html?asin=B0753LVSCB","AFFILIATE_ANALYSIS_V2_1_1"
"B0FMB5W2HD","Nutramax Dasuquin Joint Supplement for Large Dogs, 42 Soft Chews","VERIFIED","GCM_PLUS_OMEGA_3+BOSWELLIA+ASU","Glucosamine + chondroitin + MSM + Omega-3 + boswellia + ASU","SOFT_CHEW","Soft Chew","omega-3, boswellia, ASU","Mobility-focused soft chew; compare its ingredient blend with simpler formulas.","Medium","Mobility support","Ingredients and formula","Are the added ASU and boswellia useful enough to justify choosing this over a simpler glucosamine/chondroitin/MSM product?","VERIFICATION_REQUIRED","https://www.amazon.com/dp/B0FMB5W2HD","","False","/pet/dog-joint/product.html?asin=B0FMB5W2HD","AFFILIATE_ANALYSIS_V2_1_1"
"B01G3V3Q28","Nutramax Cosequin Dog Joint Supplement, 60 Soft Chews","VERIFIED","GCM_CORE","Glucosamine + chondroitin + MSM","SOFT_CHEW","Soft Chew","traditional glucosamine/chondroitin/MSM blend","Mobility-focused soft chew; compare its ingredient blend with simpler formulas.","Low","Mobility support","Ingredients and formula","For long-term use, what does this lower-price-tier soft chew option give up or preserve versus a more typical standard joint supplement?","VERIFICATION_REQUIRED","https://www.amazon.com/dp/B01G3V3Q28","","False","/pet/dog-joint/product.html?asin=B01G3V3Q28","AFFILIATE_ANALYSIS_V2_1_1"
"B075WGF2YM","Dr. Joseph's VetPro Complete Dog Hip & Joint Supplement, Chicken, 60 Chews","VERIFIED","GCM_PLUS_OMEGA_3+TURMERIC","Glucosamine + chondroitin + MSM + Omega-3 + turmeric","TREAT","Treat","omega-3, turmeric","Mobility-focused treat; compare its ingredient blend with simpler formulas.","Medium","Mobility support","Ingredients and formula","Do the added omega-3 oils or plant ingredients offer a meaningful reason to choose this over a simpler blend?","VERIFICATION_REQUIRED","https://www.amazon.com/dp/B075WGF2YM","","False","/pet/dog-joint/product.html?asin=B075WGF2YM","AFFILIATE_ANALYSIS_V2_1_1"
"B003W5VDWO","YuMOVE Dog Hip & Joint Supplement, Regular Strength, 300 Chewable Tablets","VERIFIED","SPECIALTY_OMEGA_3+HYALURONIC_ACID+GREEN_LIPPED_MUSSEL","Omega-3 + hyaluronic acid + green-lipped mussel","TABLET","Tablet","omega-3, hyaluronic acid, green-lipped mussel","Mobility-focused tablet; compare its ingredient blend with simpler formulas.","Medium","Mobility support","Ingredients and formula","How does a green-lipped-mussel-led formula differ from a traditional glucosamine/chondroitin/MSM-centered option, and what evidence is needed before treating that difference as better?","VERIFICATION_REQUIRED","https://www.amazon.com/dp/B003W5VDWO","","False","/pet/dog-joint/product.html?asin=B003W5VDWO","AFFILIATE_ANALYSIS_V2_1_1"
"B08TLW1D5X","VetIQ Advanced Hip & Joint Chews, 60 Ct Chicken Flavor, Glucosamine for Dogs, Hip and Joint Supplement with Omega 3, Chondroitin, MSM, Green Lipped Mussel, Increases Mobility, Maintains Muscles","VERIFIED","GCM_PLUS_OMEGA_3+HYALURONIC_ACID+GREEN_LIPPED_MUSSEL","Glucosamine + chondroitin + MSM + Omega-3 + hyaluronic acid + green-lipped mussel","SOFT_CHEW","Soft Chew","omega-3, hyaluronic acid, green-lipped mussel","Mobility-focused soft chew; compare its ingredient blend with simpler formulas.","Medium","Mobility support","Ingredients and formula","How does a green-lipped-mussel-led formula differ from a traditional glucosamine/chondroitin/MSM-centered option, and what evidence is needed before treating that difference as better?","VERIFICATION_REQUIRED","https://www.amazon.com/dp/B08TLW1D5X","","False","/pet/dog-joint/product.html?asin=B08TLW1D5X","AFFILIATE_ANALYSIS_V2_1_1"
"B07B91S4M7","PurePets New Zealand Green-Lipped Mussel for Dogs & Cats, 120 Capsules","VERIFIED","GLM_LED","Green-lipped mussel–led formula","CAPSULE","Capsule","green-lipped mussel","Mobility-focused capsule; compare its ingredient blend with simpler formulas.","Medium","Mobility support","Ingredients and formula","How does a green-lipped-mussel-led formula differ from a traditional glucosamine/chondroitin/MSM-centered option, and what evidence is needed before treating that difference as better?","VERIFICATION_REQUIRED","https://www.amazon.com/dp/B07B91S4M7","","False","/pet/dog-joint/product.html?asin=B07B91S4M7","AFFILIATE_ANALYSIS_V2_1_1"
"B0CM5JN21P","Freydell Pet's Dog Hip & Joint Chews with Glucosamine, Chondroitin, Hemp Seed Oil & Turmeric","VERIFIED","SPECIALTY_TURMERIC","turmeric","SOFT_CHEW","Soft Chew","turmeric","Mobility-focused soft chew; compare its ingredient blend with simpler formulas.","Medium","Mobility support","Ingredients and formula","Does adding turmeric create a buyer-relevant difference versus a standard core joint formula?","VERIFICATION_REQUIRED","https://www.amazon.com/dp/B0CM5JN21P","","False","/pet/dog-joint/product.html?asin=B0CM5JN21P","AFFILIATE_ANALYSIS_V2_1_1"
"B0DB1PRL2S","American Standard Supplements Green-Lipped Mussel Powder for Dogs & Cats, 3.17 oz","VERIFIED","GLM_LED","Green-lipped mussel–led formula","POWDER","Powder","green-lipped mussel","Mobility-focused powder; compare its ingredient blend with simpler formulas.","Low","Mobility support","Ingredients and formula","For long-term use, what does this lower-price-tier powder option give up or preserve versus a more typical standard joint supplement?","VERIFICATION_REQUIRED","https://www.amazon.com/dp/B0DB1PRL2S","","False","/pet/dog-joint/product.html?asin=B0DB1PRL2S","AFFILIATE_ANALYSIS_V2_1_1"
"B0GKL7VH3Y","Product name not yet verified","UNRESOLVED","GCM_PLUS_OMEGA_3+GREEN_LIPPED_MUSSEL","Glucosamine + chondroitin + MSM + Omega-3 + green-lipped mussel","OTHER_OR_UNKNOWN","Form not confirmed","omega-3, green-lipped mussel","Mobility-focused form not confirmed; compare its ingredient blend with simpler formulas.","Medium","Mobility support","Ingredients and formula","How does a green-lipped-mussel-led formula differ from a traditional glucosamine/chondroitin/MSM-centered option, and what evidence is needed before treating that difference as better?","VERIFICATION_REQUIRED","https://www.amazon.com/dp/B0GKL7VH3Y","","False","/pet/dog-joint/product.html?asin=B0GKL7VH3Y","AFFILIATE_ANALYSIS_V2_1_1"
"B0H42TBKKS","Product name not yet verified","UNRESOLVED","GCM_PLUS_OMEGA_3+TURMERIC+GREEN_LIPPED_MUSSEL","Glucosamine + chondroitin + MSM + Omega-3 + turmeric + green-lipped mussel","SOFT_CHEW","Soft Chew","omega-3, turmeric, green-lipped mussel","Mobility-focused soft chew; compare its ingredient blend with simpler formulas.","Medium","Mobility support","Ingredients and formula","How does a green-lipped-mussel-led formula differ from a traditional glucosamine/chondroitin/MSM-centered option, and what evidence is needed before treating that difference as better?","VERIFICATION_REQUIRED","https://www.amazon.com/dp/B0H42TBKKS","","False","/pet/dog-joint/product.html?asin=B0H42TBKKS","AFFILIATE_ANALYSIS_V2_1_1"
"B0H6B39P4K","Product name not yet verified","UNRESOLVED","PARTIAL_CORE","Partial glucosamine/chondroitin/MSM blend","SOFT_CHEW","Soft Chew","value-positioned market anchor","Mobility-focused soft chew; compare its ingredient blend with simpler formulas.","Low","Mobility support","Ingredients and formula","For long-term use, what does this lower-price-tier soft chew option give up or preserve versus a more typical standard joint supplement?","VERIFICATION_REQUIRED","https://www.amazon.com/dp/B0H6B39P4K","","False","/pet/dog-joint/product.html?asin=B0H6B39P4K","AFFILIATE_ANALYSIS_V2_1_1"
"B0BV7KTTG4","Vet Promise Glucosamine for Dogs - Hip and Joint Supplement for Dogs - Glucosamine Chondroitin - Joint Pain Relief Pills - MSM - Advanced Health Support Supplement - 120 Mobility Chews - Made in USA","VERIFIED","GCM_PLUS_OMEGA_3+HYALURONIC_ACID+TURMERIC+BOSWELLIA+GREEN_LIPPED_MUSSEL","Glucosamine + chondroitin + MSM + Omega-3 + hyaluronic acid + turmeric + boswellia + green-lipped mussel","OTHER_OR_UNKNOWN","Form not confirmed","omega-3, hyaluronic acid, turmeric, boswellia, green-lipped mussel","Mobility-focused form not confirmed; compare its ingredient blend with simpler formulas.","Medium","Mobility support","Ingredients and formula","How does a green-lipped-mussel-led formula differ from a traditional glucosamine/chondroitin/MSM-centered option, and what evidence is needed before treating that difference as better?","VERIFICATION_REQUIRED","https://www.amazon.com/dp/B0BV7KTTG4","","False","/pet/dog-joint/product.html?asin=B0BV7KTTG4","AFFILIATE_ANALYSIS_V2_1_1"
"B001EA8ZY8","InClover Connectin Hip and Joint Supplement for Dogs - Glucosamine, Chondroitin and Hyaluronic Acid - Powder for Dog Joint Mobility and Comfort Support - 23 oz","VERIFIED","SPECIALTY_HYALURONIC_ACID+TURMERIC","hyaluronic acid + turmeric","OTHER_OR_UNKNOWN","Form not confirmed","hyaluronic acid, turmeric","Mobility-focused form not confirmed; compare its ingredient blend with simpler formulas.","High","Mobility support","Ingredients and formula","When does a broad multi-ingredient joint formula add useful decision value, and when is it mostly extra complexity?","VERIFICATION_REQUIRED","https://www.amazon.com/dp/B001EA8ZY8","","False","/pet/dog-joint/product.html?asin=B001EA8ZY8","AFFILIATE_ANALYSIS_V2_1_1"
"B0CQMS4F2D","Nutramax Dasuquin Senior Joint Supplement for Large Dogs Soft Chews 84ct","VERIFIED","GCM_PLUS_OMEGA_3+BOSWELLIA+ASU","Glucosamine + chondroitin + MSM + Omega-3 + boswellia + ASU","SOFT_CHEW","Soft Chew","omega-3, boswellia, ASU","Mobility-focused soft chew; compare its ingredient blend with simpler formulas.","High","Mobility support","Ingredients and formula","What is materially different about this senior-positioned soft chew versus a general dog joint supplement?","VERIFICATION_REQUIRED","https://www.amazon.com/dp/B0CQMS4F2D","","False","/pet/dog-joint/product.html?asin=B0CQMS4F2D","AFFILIATE_ANALYSIS_V2_1_1"
"B004OA5XNG","Joint MAX Triple Strength Dog Joint Supplement, 240 Soft Chews","VERIFIED","GCM_PLUS_OMEGA_3+HYALURONIC_ACID+TURMERIC+BOSWELLIA","Glucosamine + chondroitin + MSM + Omega-3 + hyaluronic acid + turmeric + boswellia","TREAT","Treat","omega-3, hyaluronic acid, turmeric, boswellia","Mobility-focused treat; compare its ingredient blend with simpler formulas.","High","Mobility support","Ingredients and formula","When does a broad multi-ingredient joint formula add useful decision value, and when is it mostly extra complexity?","VERIFICATION_REQUIRED","https://www.amazon.com/dp/B004OA5XNG","","False","/pet/dog-joint/product.html?asin=B004OA5XNG","AFFILIATE_ANALYSIS_V2_1_1"
"B07B17J77N","CEVA Animal Health TRP-Tri-COX Dog Joint Support, 120 Soft Chews","VERIFIED","SPECIALTY_OMEGA_3","Omega-3","SOFT_CHEW","Soft Chew","omega-3","Mobility-focused soft chew; compare its ingredient blend with simpler formulas.","High","Mobility support","Ingredients and formula","Do the added omega-3 oils or plant ingredients offer a meaningful reason to choose this over a simpler blend?","VERIFICATION_REQUIRED","https://www.amazon.com/dp/B07B17J77N","","False","/pet/dog-joint/product.html?asin=B07B17J77N","AFFILIATE_ANALYSIS_V2_1_1"
"B00EUYLJDO","Vetoquinol Flexadin Advanced Hip & Joint Supplement, 30 Chews","VERIFIED","SPECIALTY_OMEGA_3","Omega-3","SOFT_CHEW","Soft Chew","omega-3","Mobility-focused soft chew; compare its ingredient blend with simpler formulas.","Medium","Mobility support","Ingredients and formula","Do the added omega-3 oils or plant ingredients offer a meaningful reason to choose this over a simpler blend?","VERIFICATION_REQUIRED","https://www.amazon.com/dp/B00EUYLJDO","","False","/pet/dog-joint/product.html?asin=B00EUYLJDO","AFFILIATE_ANALYSIS_V2_1_1"
"B0FZ3FYN17","DOG for DOG Hip & Joint Supplement, Bacon Flavor, 90 Chews","VERIFIED","GCM_PLUS_OMEGA_3+HYALURONIC_ACID+GREEN_LIPPED_MUSSEL","Glucosamine + chondroitin + MSM + Omega-3 + hyaluronic acid + green-lipped mussel","SOFT_CHEW","Soft Chew","omega-3, hyaluronic acid, green-lipped mussel","Mobility-focused soft chew; compare its ingredient blend with simpler formulas.","Medium","Mobility support","Ingredients and formula","How does a green-lipped-mussel-led formula differ from a traditional glucosamine/chondroitin/MSM-centered option, and what evidence is needed before treating that difference as better?","VERIFICATION_REQUIRED","https://www.amazon.com/dp/B0FZ3FYN17","","False","/pet/dog-joint/product.html?asin=B0FZ3FYN17","AFFILIATE_ANALYSIS_V2_1_1"
"B0BQ3X856M","STRELLALAB Glucosamine Joint Supplement for Large Dogs, Chicken, 360 Chews","VERIFIED","GCM_PLUS_OMEGA_3","Glucosamine + chondroitin + MSM + Omega-3","SOFT_CHEW","Soft Chew","omega-3","Mobility-focused soft chew; compare its ingredient blend with simpler formulas.","High","Mobility support","Ingredients and formula","Do the added omega-3 oils or plant ingredients offer a meaningful reason to choose this over a simpler blend?","VERIFICATION_REQUIRED","https://www.amazon.com/dp/B0BQ3X856M","","False","/pet/dog-joint/product.html?asin=B0BQ3X856M","AFFILIATE_ANALYSIS_V2_1_1"
"B08CL33YRB","YuMOVE Hip & Joint Supplement for Small and Medium Dogs, 60 Chews","VERIFIED","SPECIALTY_OMEGA_3+HYALURONIC_ACID+GREEN_LIPPED_MUSSEL","Omega-3 + hyaluronic acid + green-lipped mussel","SOFT_CHEW","Soft Chew","omega-3, hyaluronic acid, green-lipped mussel","Mobility-focused soft chew; compare its ingredient blend with simpler formulas.","Medium","Mobility support","Ingredients and formula","How does a green-lipped-mussel-led formula differ from a traditional glucosamine/chondroitin/MSM-centered option, and what evidence is needed before treating that difference as better?","VERIFICATION_REQUIRED","https://www.amazon.com/dp/B08CL33YRB","","False","/pet/dog-joint/product.html?asin=B08CL33YRB","AFFILIATE_ANALYSIS_V2_1_1"
"B0FS247J2S","Native Pet Hip and Joint Supplement Dogs - Powder with UC-II Collagen and HMB - Senior and Large Breed Dog Joint Support - Made in USA - 30 Scoops","VERIFIED","GLM_LED","Green-lipped mussel–led formula","POWDER","Powder","hyaluronic acid, green-lipped mussel","Mobility-focused powder; compare its ingredient blend with simpler formulas.","Medium","Mobility support","Ingredients and formula","What is materially different about this senior-positioned powder versus a general dog joint supplement?","VERIFICATION_REQUIRED","https://www.amazon.com/dp/B0FS247J2S","","False","/pet/dog-joint/product.html?asin=B0FS247J2S","AFFILIATE_ANALYSIS_V2_1_1"
"B07L71N5FK","Natural Dog Company Hip & Joint Supplement Chew for Dogs – Supports Mobility, Flexibility & Comfort, Glucosamine, Chondroitin, MSM & Turmeric, Chicken Flavor, 90 Count","VERIFIED","GCM_PLUS_TURMERIC+GREEN_LIPPED_MUSSEL","Glucosamine + chondroitin + MSM + turmeric + green-lipped mussel","SOFT_CHEW","Soft Chew","turmeric, green-lipped mussel","Mobility-focused soft chew; compare its ingredient blend with simpler formulas.","Medium","Mobility support","Ingredients and formula","How does a green-lipped-mussel-led formula differ from a traditional glucosamine/chondroitin/MSM-centered option, and what evidence is needed before treating that difference as better?","VERIFICATION_REQUIRED","https://www.amazon.com/dp/B07L71N5FK","","False","/pet/dog-joint/product.html?asin=B07L71N5FK","AFFILIATE_ANALYSIS_V2_1_1"
"B0FS24RHP5","Native Pet Hip & Joint Advanced Care Dog Supplement Powder, 60 Scoops","VERIFIED","GLM_LED","Green-lipped mussel–led formula","POWDER","Powder","hyaluronic acid, green-lipped mussel","Mobility-focused powder; compare its ingredient blend with simpler formulas.","Medium","Mobility support","Ingredients and formula","What is materially different about this senior-positioned powder versus a general dog joint supplement?","VERIFICATION_REQUIRED","https://www.amazon.com/dp/B0FS24RHP5","","False","/pet/dog-joint/product.html?asin=B0FS24RHP5","AFFILIATE_ANALYSIS_V2_1_1"
"B0H9G6KRQN","Hip and Joint Supplement for Dogs, 120 Soft Chews - Glucosamine, Chondroitin, MSM, Organic Turmeric and Collagen - Daily Mobility Support for All Breed Sizes, Chicken Flavor","VERIFIED","GCM_PLUS_TURMERIC","Glucosamine + chondroitin + MSM + turmeric","SOFT_CHEW","Soft Chew","turmeric","Mobility-focused soft chew; compare its ingredient blend with simpler formulas.","Medium","Mobility support","Ingredients and formula","Does adding turmeric create a buyer-relevant difference versus a standard core joint formula?","VERIFICATION_REQUIRED","https://www.amazon.com/dp/B0H9G6KRQN","","False","/pet/dog-joint/product.html?asin=B0H9G6KRQN","AFFILIATE_ANALYSIS_V2_1_1"
"B0G3478WW6","OKKÖBI Glucosamine Hip & Joint Chews for Dogs, Chicken, 150 Count","VERIFIED","SPECIALTY_GREEN_LIPPED_MUSSEL","green-lipped mussel","SOFT_CHEW","Soft Chew","green-lipped mussel","Mobility-focused soft chew; compare its ingredient blend with simpler formulas.","Low","Mobility support","Ingredients and formula","For long-term use, what does this lower-price-tier soft chew option give up or preserve versus a more typical standard joint supplement?","VERIFICATION_REQUIRED","https://www.amazon.com/dp/B0G3478WW6","","False","/pet/dog-joint/product.html?asin=B0G3478WW6","AFFILIATE_ANALYSIS_V2_1_1"
"B01IRB05SU","GRIZZLY PET PRODUCTS Joint Aid Liquid Hip and Joint Health Supplement Product for Dogs and Cats, 16 Ounce","VERIFIED","GCM_PLUS_OMEGA_3+HYALURONIC_ACID","Glucosamine + chondroitin + MSM + Omega-3 + hyaluronic acid","LIQUID_OR_OIL","Liquid Or Oil","omega-3, hyaluronic acid","Mobility-focused liquid or oil; compare its ingredient blend with simpler formulas.","Medium","Mobility support","Ingredients and formula","Does adding hyaluronic acid create a buyer-relevant difference versus a standard core joint formula?","VERIFICATION_REQUIRED","https://www.amazon.com/dp/B01IRB05SU","","False","/pet/dog-joint/product.html?asin=B01IRB05SU","AFFILIATE_ANALYSIS_V2_1_1"
"B0C8JMHYX5","Advanced Glucosamine & Chondroitin Joint Supplement for Dogs, Bacon, 180 Chews","VERIFIED","GCM_PLUS_OMEGA_3+HYALURONIC_ACID","Glucosamine + chondroitin + MSM + Omega-3 + hyaluronic acid","SOFT_CHEW","Soft Chew","omega-3, hyaluronic acid","Mobility-focused soft chew; compare its ingredient blend with simpler formulas.","High","Mobility support","Ingredients and formula","What is materially different about this senior-positioned soft chew versus a general dog joint supplement?","VERIFICATION_REQUIRED","https://www.amazon.com/dp/B0C8JMHYX5","","False","/pet/dog-joint/product.html?asin=B0C8JMHYX5","AFFILIATE_ANALYSIS_V2_1_1"
"B0HBQ5J663","Hip and Joint Supplement for Dogs with Glucosamine, Chondroitin & MSM","VERIFIED","GCM_PLUS_OMEGA_3+HYALURONIC_ACID+TURMERIC+GREEN_LIPPED_MUSSEL","Glucosamine + chondroitin + MSM + Omega-3 + hyaluronic acid + turmeric + green-lipped mussel","OTHER_OR_UNKNOWN","Form not confirmed","omega-3, hyaluronic acid, turmeric, green-lipped mussel","Mobility-focused form not confirmed; compare its ingredient blend with simpler formulas.","Low","Mobility support","Ingredients and formula","For long-term use, what does this lower-price-tier product with an unconfirmed form give up or preserve versus a more typical standard joint supplement?","VERIFICATION_REQUIRED","https://www.amazon.com/dp/B0HBQ5J663","","False","/pet/dog-joint/product.html?asin=B0HBQ5J663","AFFILIATE_ANALYSIS_V2_1_1"
"B0BS5FB57Q","VetIQ Glucosamine Hip & Joint Supplement for Dogs, 60 Soft Chews, Joint Support Supplement with MSM and Krill, Dog Health Supplies Large & Small Breed, Chicken Flavored Chewables","VERIFIED","SPECIALTY_OMEGA_3","Omega-3","SOFT_CHEW","Soft Chew","omega-3","Mobility-focused soft chew; compare its ingredient blend with simpler formulas.","Low","Mobility support","Ingredients and formula","For long-term use, what does this lower-price-tier soft chew option give up or preserve versus a more typical standard joint supplement?","VERIFICATION_REQUIRED","https://www.amazon.com/dp/B0BS5FB57Q","","False","/pet/dog-joint/product.html?asin=B0BS5FB57Q","AFFILIATE_ANALYSIS_V2_1_1"
"B0C3T41LWJ","Native Pet Inflammatory Care - Pain Relief for Dogs - Green-Lipped Mussel, Turmeric & Collagen for Dogs - Hip and Joint Supplement Supports Healthy Inflammatory Response & Joint Comfort - 30 Chews","VERIFIED","GLM_LED","Green-lipped mussel–led formula","SOFT_CHEW","Soft Chew","turmeric, green-lipped mussel","Mobility-focused soft chew; compare its ingredient blend with simpler formulas.","Low","Mobility support","Ingredients and formula","For long-term use, what does this lower-price-tier soft chew option give up or preserve versus a more typical standard joint supplement?","VERIFICATION_REQUIRED","https://www.amazon.com/dp/B0C3T41LWJ","","False","/pet/dog-joint/product.html?asin=B0C3T41LWJ","AFFILIATE_ANALYSIS_V2_1_1"
"B0DD6J2MFH","Product name not yet verified","UNRESOLVED","GCM_PLUS_OMEGA_3+HYALURONIC_ACID+TURMERIC+BOSWELLIA","Glucosamine + chondroitin + MSM + Omega-3 + hyaluronic acid + turmeric + boswellia","SOFT_CHEW","Soft Chew","omega-3, hyaluronic acid, turmeric, boswellia","Mobility-focused soft chew; compare its ingredient blend with simpler formulas.","High","Mobility support","Ingredients and formula","When does a broad multi-ingredient joint formula add useful decision value, and when is it mostly extra complexity?","VERIFICATION_REQUIRED","https://www.amazon.com/dp/B0DD6J2MFH","","False","/pet/dog-joint/product.html?asin=B0DD6J2MFH","AFFILIATE_ANALYSIS_V2_1_1"
"B0GSZCT2FZ","Product name not yet verified","UNRESOLVED","SPECIALTY_GREEN_LIPPED_MUSSEL","green-lipped mussel","OTHER_OR_UNKNOWN","Form not confirmed","green-lipped mussel","Mobility-focused form not confirmed; compare its ingredient blend with simpler formulas.","Medium","Mobility support","Ingredients and formula","How does a green-lipped-mussel-led formula differ from a traditional glucosamine/chondroitin/MSM-centered option, and what evidence is needed before treating that difference as better?","VERIFICATION_REQUIRED","https://www.amazon.com/dp/B0GSZCT2FZ","","False","/pet/dog-joint/product.html?asin=B0GSZCT2FZ","AFFILIATE_ANALYSIS_V2_1_1"
"B0GYGPKXHG","Product name not yet verified","UNRESOLVED","GCM_PLUS_TURMERIC+GREEN_LIPPED_MUSSEL","Glucosamine + chondroitin + MSM + turmeric + green-lipped mussel","SOFT_CHEW","Soft Chew","turmeric, green-lipped mussel","Mobility-focused soft chew; compare its ingredient blend with simpler formulas.","Low","Mobility support","Ingredients and formula","For long-term use, what does this lower-price-tier soft chew option give up or preserve versus a more typical standard joint supplement?","VERIFICATION_REQUIRED","https://www.amazon.com/dp/B0GYGPKXHG","","False","/pet/dog-joint/product.html?asin=B0GYGPKXHG","AFFILIATE_ANALYSIS_V2_1_1"
"B0H4VRLDSJ","Product name not yet verified","UNRESOLVED","GCM_PLUS_OMEGA_3+HYALURONIC_ACID+TURMERIC+BOSWELLIA+GREEN_LIPPED_MUSSEL","Glucosamine + chondroitin + MSM + Omega-3 + hyaluronic acid + turmeric + boswellia + green-lipped mussel","SOFT_CHEW","Soft Chew","omega-3, hyaluronic acid, turmeric, boswellia, green-lipped mussel","Mobility-focused soft chew; compare its ingredient blend with simpler formulas.","Low","Mobility support","Ingredients and formula","For long-term use, what does this lower-price-tier soft chew option give up or preserve versus a more typical standard joint supplement?","VERIFICATION_REQUIRED","https://www.amazon.com/dp/B0H4VRLDSJ","","False","/pet/dog-joint/product.html?asin=B0H4VRLDSJ","AFFILIATE_ANALYSIS_V2_1_1"
"B0H6GTG3JQ","Product name not yet verified","UNRESOLVED","GLM_LED","Green-lipped mussel–led formula","SOFT_CHEW","Soft Chew","green-lipped mussel","Mobility-focused soft chew; compare its ingredient blend with simpler formulas.","Medium","Mobility support","Ingredients and formula","How does a green-lipped-mussel-led formula differ from a traditional glucosamine/chondroitin/MSM-centered option, and what evidence is needed before treating that difference as better?","VERIFICATION_REQUIRED","https://www.amazon.com/dp/B0H6GTG3JQ","","False","/pet/dog-joint/product.html?asin=B0H6GTG3JQ","AFFILIATE_ANALYSIS_V2_1_1"
"B00C5PD7B2","InClover Connectin Hip & Joint Supplement for Dogs, 100 Soft Chews","VERIFIED","SPECIALTY_HYALURONIC_ACID","hyaluronic acid","OTHER_OR_UNKNOWN","Form not confirmed","hyaluronic acid","Mobility-focused form not confirmed; compare its ingredient blend with simpler formulas.","High","Mobility support","Ingredients and formula","Does adding hyaluronic acid create a buyer-relevant difference versus a standard core joint formula?","VERIFICATION_REQUIRED","https://www.amazon.com/dp/B00C5PD7B2","","False","/pet/dog-joint/product.html?asin=B00C5PD7B2","AFFILIATE_ANALYSIS_V2_1_1"
"B0G928964W","OKKÖBI Green-Lipped Mussel Powder for Dogs & Cats, 100g","VERIFIED","SPECIALTY_OMEGA_3+GREEN_LIPPED_MUSSEL","Omega-3 + green-lipped mussel","POWDER","Powder","omega-3, green-lipped mussel","Mobility-focused powder; compare its ingredient blend with simpler formulas.","Low","Mobility support","Ingredients and formula","For long-term use, what does this lower-price-tier powder option give up or preserve versus a more typical standard joint supplement?","VERIFICATION_REQUIRED","https://www.amazon.com/dp/B0G928964W","","False","/pet/dog-joint/product.html?asin=B0G928964W","AFFILIATE_ANALYSIS_V2_1_1"
"B0G43B5V9C","ColEaze 25-in-1 Glucosamine Hip & Joint Supplement for Dogs, 200 Chews","VERIFIED","SPECIALTY_TURMERIC","turmeric","SOFT_CHEW","Soft Chew","turmeric","Mobility-focused soft chew; compare its ingredient blend with simpler formulas.","Low","Mobility support","Ingredients and formula","For long-term use, what does this lower-price-tier soft chew option give up or preserve versus a more typical standard joint supplement?","VERIFICATION_REQUIRED","https://www.amazon.com/dp/B0G43B5V9C","","False","/pet/dog-joint/product.html?asin=B0G43B5V9C","AFFILIATE_ANALYSIS_V2_1_1"
"B079XRF9NQ","Zesty Paws Mussel Mobility Bites for Dogs, 90 Soft Chews","VERIFIED","SPECIALTY_OMEGA_3+GREEN_LIPPED_MUSSEL","Omega-3 + green-lipped mussel","SOFT_CHEW","Soft Chew","omega-3, green-lipped mussel","Mobility-focused soft chew; compare its ingredient blend with simpler formulas.","Medium","Mobility support","Ingredients and formula","How does a green-lipped-mussel-led formula differ from a traditional glucosamine/chondroitin/MSM-centered option, and what evidence is needed before treating that difference as better?","VERIFICATION_REQUIRED","https://www.amazon.com/dp/B079XRF9NQ","","False","/pet/dog-joint/product.html?asin=B079XRF9NQ","AFFILIATE_ANALYSIS_V2_1_1"
"B07G2STJHN","Hip + Joint Supplement for Dogs with Glucosamine, Chondroitin, MSM, Turmeric & Collagen, Chicken, 90 Soft Chews","VERIFIED","GCM_PLUS_OMEGA_3+TURMERIC","Glucosamine + chondroitin + MSM + Omega-3 + turmeric","OTHER_OR_UNKNOWN","Form not confirmed","omega-3, turmeric","Mobility-focused form not confirmed; compare its ingredient blend with simpler formulas.","Medium","Mobility support","Ingredients and formula","Do the added omega-3 oils or plant ingredients offer a meaningful reason to choose this over a simpler blend?","VERIFICATION_REQUIRED","https://www.amazon.com/dp/B07G2STJHN","","False","/pet/dog-joint/product.html?asin=B07G2STJHN","AFFILIATE_ANALYSIS_V2_1_1"
"B08CL1W21M","YuMOVE Large Dog Hip & Joint Supplement Soft Chews, Green Lipped Mussel | Glucosamine for Dogs, Hyaluronic Acid & Omega 3 Chews for Large & Giant Dogs, Hickory Seafood Flavor, NASC Certified, 60ct","VERIFIED","SPECIALTY_HYALURONIC_ACID+GREEN_LIPPED_MUSSEL","hyaluronic acid + green-lipped mussel","SOFT_CHEW","Soft Chew","hyaluronic acid, green-lipped mussel","Mobility-focused soft chew; compare its ingredient blend with simpler formulas.","High","Mobility support","Ingredients and formula","How does a green-lipped-mussel-led formula differ from a traditional glucosamine/chondroitin/MSM-centered option, and what evidence is needed before treating that difference as better?","VERIFICATION_REQUIRED","https://www.amazon.com/dp/B08CL1W21M","","False","/pet/dog-joint/product.html?asin=B08CL1W21M","AFFILIATE_ANALYSIS_V2_1_1"
"B0FLSBV976","Nutramax Cosequin Elements Dog Joint Supplement, Green Lipped Mussel, 75ct | Joint Health Supplement for Dogs, with Glucosamine, Eggshell Membrane, Hyaluronic Acid, All Ages & Sizes","VERIFIED","SPECIALTY_HYALURONIC_ACID+GREEN_LIPPED_MUSSEL","hyaluronic acid + green-lipped mussel","OTHER_OR_UNKNOWN","Form not confirmed","hyaluronic acid, green-lipped mussel","Mobility-focused form not confirmed; compare its ingredient blend with simpler formulas.","Low","Mobility support","Ingredients and formula","For long-term use, what does this lower-price-tier product with an unconfirmed form give up or preserve versus a more typical standard joint supplement?","VERIFICATION_REQUIRED","https://www.amazon.com/dp/B0FLSBV976","","False","/pet/dog-joint/product.html?asin=B0FLSBV976","AFFILIATE_ANALYSIS_V2_1_1"
"B0GHRG7RJ1","Glucosamine for Dogs - 150 Soft Chews, Hip & Joint Supplement with MSM, Chondroitin, Turmeric – Joint Support for Dogs Chicken Flavor – Vet Formulated – 2-Month Supply","VERIFIED","GCM_PLUS_TURMERIC","Glucosamine + chondroitin + MSM + turmeric","SOFT_CHEW","Soft Chew","turmeric","Mobility-focused soft chew; compare its ingredient blend with simpler formulas.","Low","Mobility support","Ingredients and formula","For long-term use, what does this lower-price-tier soft chew option give up or preserve versus a more typical standard joint supplement?","VERIFICATION_REQUIRED","https://www.amazon.com/dp/B0GHRG7RJ1","","False","/pet/dog-joint/product.html?asin=B0GHRG7RJ1","AFFILIATE_ANALYSIS_V2_1_1"
"B0GWWGCFPB","Product name not yet verified","UNRESOLVED","GLM_LED","Green-lipped mussel–led formula","OTHER_OR_UNKNOWN","Form not confirmed","green-lipped mussel","Mobility-focused form not confirmed; compare its ingredient blend with simpler formulas.","Low","Mobility support","Ingredients and formula","For long-term use, what does this lower-price-tier product with an unconfirmed form give up or preserve versus a more typical standard joint supplement?","VERIFICATION_REQUIRED","https://www.amazon.com/dp/B0GWWGCFPB","","False","/pet/dog-joint/product.html?asin=B0GWWGCFPB","AFFILIATE_ANALYSIS_V2_1_1"
"B0F9FX336K","Vet Promise Advanced Glucosamine Hip & Joint Supplement for Dogs, 170 Chews","VERIFIED","GCM_PLUS_OMEGA_3+HYALURONIC_ACID+TURMERIC+BOSWELLIA+GREEN_LIPPED_MUSSEL","Glucosamine + chondroitin + MSM + Omega-3 + hyaluronic acid + turmeric + boswellia + green-lipped mussel","SOFT_CHEW","Soft Chew","omega-3, hyaluronic acid, turmeric, boswellia, green-lipped mussel","Mobility-focused soft chew; compare its ingredient blend with simpler formulas.","Low","Mobility support","Ingredients and formula","For long-term use, what does this lower-price-tier soft chew option give up or preserve versus a more typical standard joint supplement?","VERIFICATION_REQUIRED","https://www.amazon.com/dp/B0F9FX336K","","False","/pet/dog-joint/product.html?asin=B0F9FX336K","AFFILIATE_ANALYSIS_V2_1_1"
"B0FHJ38VKZ","STRELLALAB Senior Advanced Glucosamine Joint Supplement, Bacon, 120 Chews","VERIFIED","GCM_PLUS_GREEN_LIPPED_MUSSEL","Glucosamine + chondroitin + MSM + green-lipped mussel","OTHER_OR_UNKNOWN","Form not confirmed","green-lipped mussel","Mobility-focused form not confirmed; compare its ingredient blend with simpler formulas.","Medium","Mobility support","Ingredients and formula","How does a green-lipped-mussel-led formula differ from a traditional glucosamine/chondroitin/MSM-centered option, and what evidence is needed before treating that difference as better?","VERIFICATION_REQUIRED","https://www.amazon.com/dp/B0FHJ38VKZ","","False","/pet/dog-joint/product.html?asin=B0FHJ38VKZ","AFFILIATE_ANALYSIS_V2_1_1"
"B0H467P34M","Product name not yet verified","UNRESOLVED","GCM_PLUS_TURMERIC","Glucosamine + chondroitin + MSM + turmeric","TREAT","Treat","turmeric","Mobility-focused treat; compare its ingredient blend with simpler formulas.","Medium","Mobility support","Ingredients and formula","Does adding turmeric create a buyer-relevant difference versus a standard core joint formula?","VERIFICATION_REQUIRED","https://www.amazon.com/dp/B0H467P34M","","False","/pet/dog-joint/product.html?asin=B0H467P34M","AFFILIATE_ANALYSIS_V2_1_1"
"B0FF9MNZWJ","Product name not yet verified","UNRESOLVED","GLM_LED","Green-lipped mussel–led formula","TREAT","Treat","omega-3, green-lipped mussel","Mobility-focused treat; compare its ingredient blend with simpler formulas.","Low","Mobility support","Ingredients and formula","For long-term use, what does this lower-price-tier treat option give up or preserve versus a more typical standard joint supplement?","VERIFICATION_REQUIRED","https://www.amazon.com/dp/B0FF9MNZWJ","","False","/pet/dog-joint/product.html?asin=B0FF9MNZWJ","AFFILIATE_ANALYSIS_V2_1_1"
"B0CYZBPFQ4","NATURE TARGET Glucosamine Joint Supplement for Dogs, Salmon Powder, 90 Scoops","VERIFIED","GCM_PLUS_OMEGA_3+HYALURONIC_ACID+GREEN_LIPPED_MUSSEL","Glucosamine + chondroitin + MSM + Omega-3 + hyaluronic acid + green-lipped mussel","POWDER","Powder","omega-3, hyaluronic acid, green-lipped mussel","Mobility-focused powder; compare its ingredient blend with simpler formulas.","Medium","Mobility support","Ingredients and formula","How does a green-lipped-mussel-led formula differ from a traditional glucosamine/chondroitin/MSM-centered option, and what evidence is needed before treating that difference as better?","VERIFICATION_REQUIRED","https://www.amazon.com/dp/B0CYZBPFQ4","","False","/pet/dog-joint/product.html?asin=B0CYZBPFQ4","AFFILIATE_ANALYSIS_V2_1_1"
"B0D1CFHPP4","ZEBORA Glucosamine for Dogs, Dog Joint Supplement 120 Soft Chews | with Chondroitin, MSM, Omega-3, Turmeric & Vitamins for Pain Relief, with Calcium & Phosphorus for Bone Health","VERIFIED","GCM_PLUS_OMEGA_3+TURMERIC","Glucosamine + chondroitin + MSM + Omega-3 + turmeric","SOFT_CHEW","Soft Chew","omega-3, turmeric","Mobility-focused soft chew; compare its ingredient blend with simpler formulas.","Low","Mobility support","Ingredients and formula","For long-term use, what does this lower-price-tier soft chew option give up or preserve versus a more typical standard joint supplement?","VERIFICATION_REQUIRED","https://www.amazon.com/dp/B0D1CFHPP4","","False","/pet/dog-joint/product.html?asin=B0D1CFHPP4","AFFILIATE_ANALYSIS_V2_1_1"
"B0DWF8QBCB","ZEBORA Glucosamine Joint Supplement for Dogs, 270g Powder","VERIFIED","SPECIALTY_OMEGA_3+HYALURONIC_ACID","Omega-3 + hyaluronic acid","POWDER","Powder","omega-3, hyaluronic acid","Mobility-focused powder; compare its ingredient blend with simpler formulas.","Medium","Mobility support","Ingredients and formula","Does adding hyaluronic acid create a buyer-relevant difference versus a standard core joint formula?","VERIFICATION_REQUIRED","https://www.amazon.com/dp/B0DWF8QBCB","","False","/pet/dog-joint/product.html?asin=B0DWF8QBCB","AFFILIATE_ANALYSIS_V2_1_1"
"B0BX35TNYD","Hip & Joint Dog Chews, Glucosamine & Green Lipped Mussel, 90 Count","VERIFIED","SPECIALTY_HYALURONIC_ACID+TURMERIC+BOSWELLIA+GREEN_LIPPED_MUSSEL","hyaluronic acid + turmeric + boswellia + green-lipped mussel","SOFT_CHEW","Soft Chew","hyaluronic acid, turmeric, boswellia, green-lipped mussel","Mobility-focused soft chew; compare its ingredient blend with simpler formulas.","Medium","Mobility support","Ingredients and formula","How does a green-lipped-mussel-led formula differ from a traditional glucosamine/chondroitin/MSM-centered option, and what evidence is needed before treating that difference as better?","VERIFICATION_REQUIRED","https://www.amazon.com/dp/B0BX35TNYD","","False","/pet/dog-joint/product.html?asin=B0BX35TNYD","AFFILIATE_ANALYSIS_V2_1_1"
"B071G1M69L","GLX3 Green-Lipped Mussel Oil for Dogs, 60 Gel Capsules","VERIFIED","GLM_LED","Green-lipped mussel–led formula","CAPSULE","Capsule","omega-3, green-lipped mussel","Mobility-focused capsule; compare its ingredient blend with simpler formulas.","High","Mobility support","Ingredients and formula","How does a green-lipped-mussel-led formula differ from a traditional glucosamine/chondroitin/MSM-centered option, and what evidence is needed before treating that difference as better?","VERIFICATION_REQUIRED","https://www.amazon.com/dp/B071G1M69L","","False","/pet/dog-joint/product.html?asin=B071G1M69L","AFFILIATE_ANALYSIS_V2_1_1"
"B0H2CQ46HN","Product name not yet verified","UNRESOLVED","GCM_PLUS_HYALURONIC_ACID+TURMERIC+GREEN_LIPPED_MUSSEL","Glucosamine + chondroitin + MSM + hyaluronic acid + turmeric + green-lipped mussel","SOFT_CHEW","Soft Chew","hyaluronic acid, turmeric, green-lipped mussel","Mobility-focused soft chew; compare its ingredient blend with simpler formulas.","Low","Mobility support","Ingredients and formula","For long-term use, what does this lower-price-tier soft chew option give up or preserve versus a more typical standard joint supplement?","VERIFICATION_REQUIRED","https://www.amazon.com/dp/B0H2CQ46HN","","False","/pet/dog-joint/product.html?asin=B0H2CQ46HN","AFFILIATE_ANALYSIS_V2_1_1"
"B0H2DQ2GJX","Product name not yet verified","UNRESOLVED","GCM_PLUS_TURMERIC+BOSWELLIA+GREEN_LIPPED_MUSSEL","Glucosamine + chondroitin + MSM + turmeric + boswellia + green-lipped mussel","OTHER_OR_UNKNOWN","Form not confirmed","turmeric, boswellia, green-lipped mussel","Mobility-focused form not confirmed; compare its ingredient blend with simpler formulas.","Medium","Mobility support","Ingredients and formula","How does a green-lipped-mussel-led formula differ from a traditional glucosamine/chondroitin/MSM-centered option, and what evidence is needed before treating that difference as better?","VERIFICATION_REQUIRED","https://www.amazon.com/dp/B0H2DQ2GJX","","False","/pet/dog-joint/product.html?asin=B0H2DQ2GJX","AFFILIATE_ANALYSIS_V2_1_1"
"B0FVDXM38F","HEAPETS Dog Joint Supplement with Glucosamine, Chondroitin, MSM, Green-Lipped Mussel & Turmeric, 60 Count","VERIFIED","GCM_PLUS_OMEGA_3+TURMERIC+GREEN_LIPPED_MUSSEL","Glucosamine + chondroitin + MSM + Omega-3 + turmeric + green-lipped mussel","OTHER_OR_UNKNOWN","Form not confirmed","omega-3, turmeric, green-lipped mussel","Mobility-focused form not confirmed; compare its ingredient blend with simpler formulas.","Low","Mobility support","Ingredients and formula","For long-term use, what does this lower-price-tier product with an unconfirmed form give up or preserve versus a more typical standard joint supplement?","VERIFICATION_REQUIRED","https://www.amazon.com/dp/B0FVDXM38F","","False","/pet/dog-joint/product.html?asin=B0FVDXM38F","AFFILIATE_ANALYSIS_V2_1_1"
