asin,product_name,amazon_url,verification_source_url,verification_status,verified_at
B0C43W7GPB,"Bernie's Marvelous Mobility Dog Joint Supplement, Pork, 90 Soft Chews",https://www.amazon.com/dp/B0C43W7GPB,https://www.amazon.com/dp/B0C43W7GPB,VERIFIED,2026-09-08
B0081KTPQQ,"Nutramax Dasuquin MSM Joint Supplement for Large Dogs, Soft Chews, 150ct",https://www.amazon.com/dp/B0081KTPQQ,https://www.amazon.com/dp/B0081KTPQQ,VERIFIED,2026-09-08
B06Y5TR3S5,"Dr. Joseph's VetPro Complete Dog Hip & Joint Wellness Supplement – High-Strength Glucosamine, MSM, Omega & Chondroitin Chews and Breeds – Vet Formulated Chicken Dog Treat - 120 Count",https://www.amazon.com/dp/B06Y5TR3S5,https://www.amazon.com/dp/B06Y5TR3S5,VERIFIED,2026-09-08
B072VGJ7D5,Hip & Joint Supplement for Dogs - Plasma Powered Soft Chews for Joint Health & Mobility – Fast-Acting with Collagen & Natural Ingredients for Dogs of All Breeds – 60 Chews,https://www.amazon.com/dp/B072VGJ7D5,https://www.amazon.com/dp/B072VGJ7D5,VERIFIED,2026-09-08
B07S95YVPP,"Pet Honesty Vet Recommended Hip and Joint Supplement for Dogs, 90 Count",https://www.amazon.com/dp/B07S95YVPP,https://www.amazon.com/dp/B07S95YVPP,VERIFIED,2026-09-08
B09MSR2893,"Pawfy Hip & Joint Supplement for Dogs with Glucosamine, Chondroitin & MSM, 30 Chews",https://www.amazon.com/dp/B09MSR2893,https://www.amazon.com/dp/B09MSR2893,VERIFIED,2026-09-08
B01AMTU1ZM,"VetIQ Glucosamine Hip & Joint Supplement for Dogs, 180 Soft Chews, Joint Support Supplement with MSM and Krill, Dog Health Supplies Large & Small Breed, Chicken Flavored Chewables | Supports mobility for large & small breeds; glucosamine, MSM & krill oil; chicken-flavor chewable; daily joint support",https://www.amazon.com/dp/B01AMTU1ZM,https://www.amazon.com/dp/B01AMTU1ZM,VERIFIED,2026-09-08
B01G3V3P0Q,"Nutramax Cosequin Joint Supplement for Dogs, Skin & Coat, Soft Chews,120ct | Glucosamine & Chondroitin for Dogs with MSM, Omega-3s, Supports Joints, Skin and Coat Health, All Ages & Sizes",https://www.amazon.com/dp/B01G3V3P0Q,https://www.amazon.com/dp/B01G3V3P0Q,VERIFIED,2026-09-08
B0C1HJX29T,"Wuffes Advanced Hip & Joint Chews for Large Breed Dogs, Vet Recommended",https://www.amazon.com/dp/B0C1HJX29T,https://www.amazon.com/dp/B0C1HJX29T,VERIFIED,2026-09-08
B0868QMB4C,"STRELLALAB Advanced Glucosamine for Dogs, Chondroitin MSM Joint Supplement",https://www.amazon.com/dp/B0868QMB4C,https://www.amazon.com/dp/B0868QMB4C,VERIFIED,2026-09-08
B079X44DB8,"Zesty Paws Glucosamine for Dogs - Senior Dog Joint Supplement, Chicken 90ct",https://www.amazon.com/dp/B079X44DB8,https://www.amazon.com/dp/B079X44DB8,VERIFIED,2026-09-08
B08F8VLVKH,"Zesty Paws Multi Collagen Soft Chews for Dogs, 90 Count",https://www.amazon.com/dp/B08F8VLVKH,https://www.amazon.com/dp/B08F8VLVKH,VERIFIED,2026-09-08
B07RM62JYB,"Zesty Paws Glucosamine for Dogs - Dog Joint Supplement, Bacon, 90 Ct",https://www.amazon.com/dp/B07RM62JYB,https://www.amazon.com/dp/B07RM62JYB,VERIFIED,2026-09-08
B0BXFWKBFV,"Jope Hip & Joint Supplement for Dogs Large, Medium, Small - Joint Chews w/UC-II® Collagen - Proven Better Than Glucosamine Chondroitin in Canine Health - Veterinarian Formulated, Omega 3 & Curcumin",https://www.amazon.com/dp/B0BXFWKBFV,https://www.amazon.com/dp/B0BXFWKBFV,VERIFIED,2026-09-08
B07Z6KZZ7P,"The Missing Link Collagen Care Hip & Joint Soft Chews for Dogs, 60 Count",https://www.amazon.com/dp/B07Z6KZZ7P,https://www.ubuy.com.eg/en/product/1SW2M3Y-collagen-care-dog-soft-chews-nutrional-treat-for-canine-hip-joint-health-60-count,VERIFIED,2026-09-08
B0041OOPK2,"Nutramax Dasuquin MSM Joint Supplement, Small/Med Dogs, Soft Chews, 84ct",https://www.amazon.com/dp/B0041OOPK2,https://www.amazon.com/dp/B0041OOPK2,VERIFIED,2026-09-08
B0C1HG6XC8,"Wuffes Advanced Hip & Joint Chews for Small & Medium Dogs, Vet Recommended",https://www.amazon.com/dp/B0C1HG6XC8,https://www.amazon.com/dp/B0C1HG6XC8,VERIFIED,2026-09-08
B0041OOQ1K,"Nutramax Dasuquin MSM Joint Supplement for Large Dogs, Soft Chews, 84ct",https://www.amazon.com/dp/B0041OOQ1K,https://www.amazon.com/dp/B0041OOQ1K,VERIFIED,2026-09-08
B015WSNKV0,"Vetoquinol Flexadin Advanced Hip & Joint Supplement, 60 Chews",https://www.amazon.com/dp/B015WSNKV0,https://www.amazon.com/dp/B015WSNKV0,VERIFIED,2026-09-08
B0CQMJPW6G,"Nutramax Dasuquin Senior Joint Supplement for Small to Medium Dogs, 84 Soft Chews",https://www.amazon.com/dp/B0CQMJPW6G,https://www.dasuquin.com/product/dasuquin-senior-soft-chews,VERIFIED,2026-09-08
B0030V9HV4,"Nutramax Dasuquin Joint Supplement, Small/Med Dogs, Soft Chews, 84ct",https://www.amazon.com/dp/B0030V9HV4,https://www.amazon.com/dp/B0030V9HV4,VERIFIED,2026-09-08
B0B56G9DX7,"Advanced Glucosamine for Dogs, Chondroitin & MSM Hip Joint Supplement Chews | Made in USA - Supports Hip Joint Mobility w/Omega-3 - Joint Pain Relief - Chewable Treats, All Breeds - Vet-Approved (120Ct)",https://www.amazon.com/dp/B0B56G9DX7,https://www.amazon.com/dp/B0B56G9DX7,VERIFIED,2026-09-08
B0FM9GTR9Z,"Nutramax Dasuquin Joint Supplement for Small to Medium Dogs, 42 Soft Chews",https://www.amazon.com/dp/B0FM9GTR9Z,https://www.desertcart.ae/products/769077211-nutramax-dasuquin-for-small-to-medium-dogs-joint-health-supplement-contains-glucosamine-for-dogs-plus-chondroitin-asu-msm-and-more-supports-healthy-joints-soft-chews-42-count,VERIFIED,2026-09-08
B000SSN04M,"The Missing Link Hip & Joint + Probiotics Supplement for Dogs, 1 lb Powder",https://www.amazon.com/dp/B000SSN04M,https://www.amazon.com/dp/B000SSN04M,VERIFIED,2026-09-08
B0DX452BBJ,"Chew + Heal Dog Glucosamine Hip & Joint Supplement, Peanut Butter, 90 Soft Chews",https://www.amazon.com/dp/B0DX452BBJ,https://www.desertcart.in/products/739878343-dog-glucosamine-chews-90-count-hip-and-joint-supplement-for-dogs-msm-chondroitin-for-joint-and-cartilage-health-puppies-and-seniors-small-and-large-breeds-peanut-butter-flavor,VERIFIED,2026-09-08
B0FBBQKVYL,"Glucosamine for Senior Dogs Hip and Joint Supplement, 60 Mobility Chews | Made with Glucosamine, MSM, Chondroitin, Green Lipped Mussels and More",https://www.amazon.com/dp/B0FBBQKVYL,https://www.amazon.com/dp/B0FBBQKVYL,VERIFIED,2026-09-08
B003ULL1NQ,"Nutramax Cosequin Joint Supplement for Dogs, Chewable Tablets, 132ct | Glucosamine + Chondroitin for Dogs with MSM, Supports Healthy Joints, All Breeds & Sizes, All Ages",https://www.amazon.com/dp/B003ULL1NQ,https://www.amazon.com/dp/B003ULL1NQ,VERIFIED,2026-09-08
B003YKWIGC,"Nutramax Cosequin Joint Supplement, Glucosamine for Dogs, Chew Tabs, 60ct | Glucosamine & Chondroitin for Dogs, Supports Healthy Joints, Chewable Tablets for All Breeds & Sizes, All Ages",https://www.amazon.com/dp/B003YKWIGC,https://www.amazon.com/dp/B003YKWIGC,VERIFIED,2026-09-08
B07Z2BSHF9,"YuMOVE Senior Dog Joint Supplement, 120 Chewable Tablets",https://www.amazon.com/dp/B07Z2BSHF9,https://www.amazon.com/dp/B07Z2BSHF9,VERIFIED,2026-09-08
B0F2GBCPTX,"Joint Supplement for Dogs, 300mg Green-Lipped Mussels for Dog Arthritis",https://www.amazon.com/dp/B0F2GBCPTX,https://www.amazon.com/dp/B0F2GBCPTX,VERIFIED,2026-09-08
B0H1623TQJ,ASIN B0H1623TQJ,https://www.amazon.com/dp/B0H1623TQJ,,UNRESOLVED,
B00GZWOWG0,"Nutramax Cosequin Joint Supplement for Dogs, MSM+HA, Chew Tablets, 250ct",https://www.amazon.com/dp/B00GZWOWG0,https://www.amazon.com/dp/B00GZWOWG0,VERIFIED,2026-09-08
B0DQVT1RT1,"PupFlex+ Hip and Joint Supplement Dogs, Vet Created Soft Chews w/UC-II® Collagen, CurcuVET® & Omega 3 - UC-II Collagen More Effective Than Glucosamine Chondroitin, Dog Joint Supplement (60 ct)",https://www.amazon.com/dp/B0DQVT1RT1,https://www.amazon.com/dp/B0DQVT1RT1,VERIFIED,2026-09-08
B0F2GBXK15,"Joint Supplement for Dogs with 300mg Green-Lipped Mussel, 50 Chewable Tablets",https://www.amazon.com/dp/B0F2GBXK15,https://www.amazon.com/dp/B0F2GBXK15,VERIFIED,2026-09-08
B08B3VCGCH,"Veddelholzer Dog Joint Supplement, 125 Tablets",https://www.amazon.com/dp/B08B3VCGCH,https://www.desertcart.in/products/216121034-joint-supplements-for-dogs-certified-comparison-winner-hip-and-joint,VERIFIED,2026-09-08
B0GDV2GDT8,Hip and Joint Supplement for Dogs Glucosamine Chondroitin MSM Chews,https://www.amazon.com/dp/B0GDV2GDT8,https://www.amazon.com/dp/B0GDV2GDT8,VERIFIED,2026-09-08
B0GZPYP6VH,ASIN B0GZPYP6VH,https://www.amazon.com/dp/B0GZPYP6VH,,UNRESOLVED,
B071JWGTFR,"Nutramax Cosequin Senior Dog Joint Supplement, 120 Soft Chews",https://www.amazon.com/dp/B071JWGTFR,https://www.amazon.com/dp/B071JWGTFR,VERIFIED,2026-09-08
B0753LVSCB,"Nutramax Cosequin Dog Joint Supplement, MSM & HA, Chewable Tablets, 75ct",https://www.amazon.com/dp/B0753LVSCB,https://www.amazon.com/dp/B0753LVSCB,VERIFIED,2026-09-08
B0FMB5W2HD,"Nutramax Dasuquin Joint Supplement for Large Dogs, 42 Soft Chews",https://www.amazon.com/dp/B0FMB5W2HD,https://www.amazon.com/dp/B0FMB5W2HD,VERIFIED,2026-09-08
B01G3V3Q28,"Nutramax Cosequin Dog Joint Supplement, 60 Soft Chews",https://www.amazon.com/dp/B01G3V3Q28,https://www.amazon.com/dp/B01G3V3Q28,VERIFIED,2026-09-08
B075WGF2YM,"Dr. Joseph's VetPro Complete Dog Hip & Joint Supplement, Chicken, 60 Chews",https://www.amazon.com/dp/B075WGF2YM,https://www.amazon.com/dp/B075WGF2YM,VERIFIED,2026-09-08
B003W5VDWO,"YuMOVE Dog Hip & Joint Supplement, Regular Strength, 300 Chewable Tablets",https://www.amazon.com/dp/B003W5VDWO,https://www.amazon.com/dp/B003W5VDWO,VERIFIED,2026-09-08
B08TLW1D5X,"VetIQ Advanced Hip & Joint Chews, 60 Ct Chicken Flavor, Glucosamine for Dogs, Hip and Joint Supplement with Omega 3, Chondroitin, MSM, Green Lipped Mussel, Increases Mobility, Maintains Muscles",https://www.amazon.com/dp/B08TLW1D5X,https://www.amazon.com/dp/B08TLW1D5X,VERIFIED,2026-09-08
B07B91S4M7,"PurePets New Zealand Green-Lipped Mussel for Dogs & Cats, 120 Capsules",https://www.amazon.com/dp/B07B91S4M7,https://www.desertcart.in/products/62090697-new-zealand-green-lipped-mussel-for-dogs-and-cats-200mg-x-120-capsules,VERIFIED,2026-09-08
B0CM5JN21P,"Freydell Pet's Dog Hip & Joint Chews with Glucosamine, Chondroitin, Hemp Seed Oil & Turmeric",https://www.amazon.com/dp/B0CM5JN21P,https://www.amazon.com/dp/B0CM5JN21P,VERIFIED,2026-09-08
B0DB1PRL2S,"American Standard Supplements Green-Lipped Mussel Powder for Dogs & Cats, 3.17 oz",https://www.amazon.com/dp/B0DB1PRL2S,https://www.ubuy.cr/es/product/M6R7ZUIVQ-american-standard-supplements-green-lipped-mussel-powder-for-dogs-cats-joint-mobility-support-3-17-oz-90g,VERIFIED,2026-09-08
B0GKL7VH3Y,ASIN B0GKL7VH3Y,https://www.amazon.com/dp/B0GKL7VH3Y,,UNRESOLVED,
B0H42TBKKS,ASIN B0H42TBKKS,https://www.amazon.com/dp/B0H42TBKKS,,UNRESOLVED,
B0H6B39P4K,ASIN B0H6B39P4K,https://www.amazon.com/dp/B0H6B39P4K,,UNRESOLVED,
B0BV7KTTG4,Vet Promise Glucosamine for Dogs - Hip and Joint Supplement for Dogs - Glucosamine Chondroitin - Joint Pain Relief Pills - MSM - Advanced Health Support Supplement - 120 Mobility Chews - Made in USA,https://www.amazon.com/dp/B0BV7KTTG4,https://www.amazon.com/dp/B0BV7KTTG4,VERIFIED,2026-09-08
B001EA8ZY8,"InClover Connectin Hip and Joint Supplement for Dogs - Glucosamine, Chondroitin and Hyaluronic Acid - Powder for Dog Joint Mobility and Comfort Support - 23 oz",https://www.amazon.com/dp/B001EA8ZY8,https://www.amazon.com/dp/B001EA8ZY8,VERIFIED,2026-09-08
B0CQMS4F2D,Nutramax Dasuquin Senior Joint Supplement for Large Dogs Soft Chews 84ct,https://www.amazon.com/dp/B0CQMS4F2D,https://www.amazon.com/dp/B0CQMS4F2D,VERIFIED,2026-09-08
B004OA5XNG,"Joint MAX Triple Strength Dog Joint Supplement, 240 Soft Chews",https://www.amazon.com/dp/B004OA5XNG,https://www.amazon.com/dp/B004OA5XNG,VERIFIED,2026-09-08
B07B17J77N,"CEVA Animal Health TRP-Tri-COX Dog Joint Support, 120 Soft Chews",https://www.amazon.com/dp/B07B17J77N,https://www.amazon.com/dp/B07B17J77N,VERIFIED,2026-09-08
B00EUYLJDO,"Vetoquinol Flexadin Advanced Hip & Joint Supplement, 30 Chews",https://www.amazon.com/dp/B00EUYLJDO,https://www.amazon.com/dp/B00EUYLJDO,VERIFIED,2026-09-08
B0FZ3FYN17,"DOG for DOG Hip & Joint Supplement, Bacon Flavor, 90 Chews",https://www.amazon.com/dp/B0FZ3FYN17,https://guatemala.yaxa.co/products/dog-for-dog-suplemento-de-cadera-y-articulaciones-para-perros-90-masticables-con-sabor-a-tocino-masticables-de-cadera-y-articulaciones-para-perros,VERIFIED,2026-09-08
B0BQ3X856M,"STRELLALAB Glucosamine Joint Supplement for Large Dogs, Chicken, 360 Chews",https://www.amazon.com/dp/B0BQ3X856M,https://yaxa.co/products/glucosamina-para-perros-grandes-suplemento-articular-de-raza-grande-con-aceite-de-pescado-omega-3-condroitina-msm-masticables-de-movilidad/,VERIFIED,2026-09-08
B08CL33YRB,"YuMOVE Hip & Joint Supplement for Small and Medium Dogs, 60 Chews",https://www.amazon.com/dp/B08CL33YRB,https://www.amazon.com/dp/B08CL33YRB,VERIFIED,2026-09-08
B0FS247J2S,Native Pet Hip and Joint Supplement Dogs - Powder with UC-II Collagen and HMB - Senior and Large Breed Dog Joint Support - Made in USA - 30 Scoops,https://www.amazon.com/dp/B0FS247J2S,https://www.amazon.com/dp/B0FS247J2S,VERIFIED,2026-09-08
B07L71N5FK,"Natural Dog Company Hip & Joint Supplement Chew for Dogs – Supports Mobility, Flexibility & Comfort, Glucosamine, Chondroitin, MSM & Turmeric, Chicken Flavor, 90 Count",https://www.amazon.com/dp/B07L71N5FK,https://www.amazon.com/dp/B07L71N5FK,VERIFIED,2026-09-08
B0FS24RHP5,"Native Pet Hip & Joint Advanced Care Dog Supplement Powder, 60 Scoops",https://www.amazon.com/dp/B0FS24RHP5,https://www.macao.ubuy.com/en/product/R2B1DO2DY-native-pet-advanced-care-hip-joint-supplement-for-dogs-supports-joints-cartilage-muscles-anti-inflammatory-with-hmb-uc-ii-collagen-green-lipped-mussel-hyaluronic-acid-60-scoops,VERIFIED,2026-09-08
B0H9G6KRQN,"Hip and Joint Supplement for Dogs, 120 Soft Chews - Glucosamine, Chondroitin, MSM, Organic Turmeric and Collagen - Daily Mobility Support for All Breed Sizes, Chicken Flavor",https://www.amazon.com/dp/B0H9G6KRQN,https://www.amazon.com/dp/B0H9G6KRQN,VERIFIED,2026-09-08
B0G3478WW6,"OKKÖBI Glucosamine Hip & Joint Chews for Dogs, Chicken, 150 Count",https://www.amazon.com/dp/B0G3478WW6,https://www.ubuy.co.in/product/TFR9DAYCO-zeno-glucosamine-hcl-hip-and-joint-chews-for-dogs-150-pcs-advanced-hip-and-joint-support-for-senior-dogs-with-msm-green-lipped,VERIFIED,2026-09-08
B01IRB05SU,"GRIZZLY PET PRODUCTS Joint Aid Liquid Hip and Joint Health Supplement Product for Dogs and Cats, 16 Ounce",https://www.amazon.com/dp/B01IRB05SU,https://www.amazon.com/dp/B01IRB05SU,VERIFIED,2026-09-08
B0C8JMHYX5,"Advanced Glucosamine & Chondroitin Joint Supplement for Dogs, Bacon, 180 Chews",https://www.amazon.com/dp/B0C8JMHYX5,https://encarguelo.com/producto/B0C8JMHYX5/suplemento-articular-avanzado-de-glucosamina-y-condroitina-para-perros-mayores-pastillas-para-alivio-del-dolor-de-cadera-y-articulaciones-para-razas-grandes-y-pequenas-masticables-para-la-salud-articular-canina-sabor-bacon-180-unidades,VERIFIED,2026-09-08
B0HBQ5J663,"Hip and Joint Supplement for Dogs with Glucosamine, Chondroitin & MSM",https://www.amazon.com/dp/B0HBQ5J663,https://www.amazon.com/dp/B0HBQ5J663,VERIFIED,2026-09-08
B0BS5FB57Q,"VetIQ Glucosamine Hip & Joint Supplement for Dogs, 60 Soft Chews, Joint Support Supplement with MSM and Krill, Dog Health Supplies Large & Small Breed, Chicken Flavored Chewables",https://www.amazon.com/dp/B0BS5FB57Q,https://www.amazon.com/dp/B0BS5FB57Q,VERIFIED,2026-09-08
B0C3T41LWJ,"Native Pet Inflammatory Care - Pain Relief for Dogs - Green-Lipped Mussel, Turmeric & Collagen for Dogs - Hip and Joint Supplement Supports Healthy Inflammatory Response & Joint Comfort - 30 Chews",https://www.amazon.com/dp/B0C3T41LWJ,https://www.amazon.com/dp/B0C3T41LWJ,VERIFIED,2026-09-08
B0DD6J2MFH,ASIN B0DD6J2MFH,https://www.amazon.com/dp/B0DD6J2MFH,,UNRESOLVED,
B0GSZCT2FZ,ASIN B0GSZCT2FZ,https://www.amazon.com/dp/B0GSZCT2FZ,,UNRESOLVED,
B0GYGPKXHG,ASIN B0GYGPKXHG,https://www.amazon.com/dp/B0GYGPKXHG,,UNRESOLVED,
B0H4VRLDSJ,ASIN B0H4VRLDSJ,https://www.amazon.com/dp/B0H4VRLDSJ,,UNRESOLVED,
B0H6GTG3JQ,ASIN B0H6GTG3JQ,https://www.amazon.com/dp/B0H6GTG3JQ,,UNRESOLVED,
B00C5PD7B2,"InClover Connectin Hip & Joint Supplement for Dogs, 100 Soft Chews",https://www.amazon.com/dp/B00C5PD7B2,https://www.ubuy.com.jo/en/product/45Q43S8-inclover-connectin-hip-and-joint-supplement-for-dogs-combines-glucosamine-chondroitin-and-hyaluronic-acid-with-herbs-for-comfort-and-mobility,VERIFIED,2026-09-08
B0G928964W,"OKKÖBI Green-Lipped Mussel Powder for Dogs & Cats, 100g",https://www.amazon.com/dp/B0G928964W,https://www.u-buy.co.uk/product/TNZG63U1C-green-lipped-mussel-powder-for-dogs-cats-100-new-zealand-100g-natural-hip-joint-support-supplement-rich-in-omega-3-glucosamine,VERIFIED,2026-09-08
B0G43B5V9C,"ColEaze 25-in-1 Glucosamine Hip & Joint Supplement for Dogs, 200 Chews",https://www.amazon.com/dp/B0G43B5V9C,https://tiendamia.com.uy/p/amz/b0g43b5v9c/glucosamina-para-perros-suplemento-de-cadera-y-articulaciones-25-en,VERIFIED,2026-09-08
B079XRF9NQ,"Zesty Paws Mussel Mobility Bites for Dogs, 90 Soft Chews",https://www.amazon.com/dp/B079XRF9NQ,https://www.amazon.com/dp/B079XRF9NQ,VERIFIED,2026-09-08
B07G2STJHN,"Hip + Joint Supplement for Dogs with Glucosamine, Chondroitin, MSM, Turmeric & Collagen, Chicken, 90 Soft Chews",https://www.amazon.com/dp/B07G2STJHN,https://www.amazon.com/dp/B07G2STJHN,VERIFIED,2026-09-08
B08CL1W21M,"YuMOVE Large Dog Hip & Joint Supplement Soft Chews, Green Lipped Mussel | Glucosamine for Dogs, Hyaluronic Acid & Omega 3 Chews for Large & Giant Dogs, Hickory Seafood Flavor, NASC Certified, 60ct",https://www.amazon.com/dp/B08CL1W21M,https://www.amazon.com/dp/B08CL1W21M,VERIFIED,2026-09-08
B0FLSBV976,"Nutramax Cosequin Elements Dog Joint Supplement, Green Lipped Mussel, 75ct | Joint Health Supplement for Dogs, with Glucosamine, Eggshell Membrane, Hyaluronic Acid, All Ages & Sizes",https://www.amazon.com/dp/B0FLSBV976,https://www.amazon.com/dp/B0FLSBV976,VERIFIED,2026-09-08
B0GHRG7RJ1,"Glucosamine for Dogs - 150 Soft Chews, Hip & Joint Supplement with MSM, Chondroitin, Turmeric – Joint Support for Dogs Chicken Flavor – Vet Formulated – 2-Month Supply",https://www.amazon.com/dp/B0GHRG7RJ1,https://www.amazon.com/dp/B0GHRG7RJ1,VERIFIED,2026-09-08
B0GWWGCFPB,ASIN B0GWWGCFPB,https://www.amazon.com/dp/B0GWWGCFPB,,UNRESOLVED,
B0F9FX336K,"Vet Promise Advanced Glucosamine Hip & Joint Supplement for Dogs, 170 Chews",https://www.amazon.com/dp/B0F9FX336K,https://www.amazon.com/dp/B0F9FX336K,VERIFIED,2026-09-08
B0FHJ38VKZ,"STRELLALAB Senior Advanced Glucosamine Joint Supplement, Bacon, 120 Chews",https://www.amazon.com/dp/B0FHJ38VKZ,https://www.ubuy.la/en/product/QVEB5SI1M-strellalab-senior-advanced-glucosamine-joint-supplement-for-dogs-green-lipped-mussel-collagen-large-breeds-hip-joint-health-bacon,VERIFIED,2026-09-08
B0H467P34M,ASIN B0H467P34M,https://www.amazon.com/dp/B0H467P34M,,UNRESOLVED,
B0FF9MNZWJ,ASIN B0FF9MNZWJ,https://www.amazon.com/dp/B0FF9MNZWJ,,UNRESOLVED,
B0CYZBPFQ4,"NATURE TARGET Glucosamine Joint Supplement for Dogs, Salmon Powder, 90 Scoops",https://www.amazon.com/dp/B0CYZBPFQ4,https://www.desertcart.ma/products/717433228-nature-target-glucosamine-for-dogs-joint-supplement-for-dogs-chondroitin,VERIFIED,2026-09-08
B0D1CFHPP4,"ZEBORA Glucosamine for Dogs, Dog Joint Supplement 120 Soft Chews | with Chondroitin, MSM, Omega-3, Turmeric & Vitamins for Pain Relief, with Calcium & Phosphorus for Bone Health",https://www.amazon.com/dp/B0D1CFHPP4,https://www.amazon.com/dp/B0D1CFHPP4,VERIFIED,2026-09-08
B0DWF8QBCB,"ZEBORA Glucosamine Joint Supplement for Dogs, 270g Powder",https://www.amazon.com/dp/B0DWF8QBCB,https://www.tiendamia.cr/p/amz/b0dwf8qbcb/zebora-glucosamine-for-dogs-joint-supplement-for-dogs,VERIFIED,2026-09-08
B0BX35TNYD,"Hip & Joint Dog Chews, Glucosamine & Green Lipped Mussel, 90 Count",https://www.amazon.com/dp/B0BX35TNYD,https://www.amazon.com/dp/B0BX35TNYD,VERIFIED,2026-09-08
B071G1M69L,"GLX3 Green-Lipped Mussel Oil for Dogs, 60 Gel Capsules",https://www.amazon.com/dp/B071G1M69L,https://tiendamia.com/producto?amz=B071G1M69L,VERIFIED,2026-09-08
B0H2CQ46HN,ASIN B0H2CQ46HN,https://www.amazon.com/dp/B0H2CQ46HN,,UNRESOLVED,
B0H2DQ2GJX,ASIN B0H2DQ2GJX,https://www.amazon.com/dp/B0H2DQ2GJX,,UNRESOLVED,
B0FVDXM38F,"HEAPETS Dog Joint Supplement with Glucosamine, Chondroitin, MSM, Green-Lipped Mussel & Turmeric, 60 Count",https://www.amazon.com/dp/B0FVDXM38F,https://www.amazon.com/dp/B0FVDXM38F,VERIFIED,2026-09-08
