product_family_id,brand,brand_group,form,form_group,price_amount,score,rank,supportive_any,glucosamine_chondroitin,omega3,green_lipped_mussel,ucii,eggshell_membrane,boswellia_turmeric_curcumin,msm_hyaluronic_acid,asu
FAM_001,Vet's Best,Other,TABLET,TABLET,9.89,66.1633,45.0,False,True,False,False,False,False,False,True,False
FAM_002,Nutri-Vet,Other,TABLET,TABLET,11.63,76.3888,19.0,False,False,False,False,False,False,False,False,False
FAM_003,Nutri-Vet,Other,Treats,Other,21.65,64.5934,54.0,False,True,False,False,False,False,False,False,False
FAM_004,The Missing Link,Other,POWDER,POWDER,29.99,60.4791,72.0,True,True,True,False,False,False,False,True,False
FAM_005,LIQUIDHEALTH,Other,LIQUID,LIQUID,42.45,53.71375,101.5,False,True,False,False,False,False,False,True,False
FAM_006,Pala Tech,Other,CHEW,CHEW,56.52,34.4964,172.0,True,True,True,False,False,False,False,True,False
FAM_007,VETRISCIENCE,Other,CHEW,CHEW,35.33,71.27705,33.5,True,True,True,True,False,False,False,True,False
FAM_008,Nutri-Vet,Other,TABLET,TABLET,39.12,50.5658,121.0,False,True,False,False,False,False,False,True,False
FAM_009,VETRISCIENCE,Other,CHEW,CHEW,37.07,58.11,88.0,True,True,False,True,False,False,False,True,False
FAM_010,Nutramax Laboratories,Nutramax Laboratories,CHEW,CHEW,43.99,73.0211,23.0,False,True,False,False,False,False,True,False,True
FAM_011,Nutramax Laboratories,Nutramax Laboratories,TABLET,TABLET,34.91,98.5,1.0,False,True,False,False,False,False,False,True,False
FAM_012,Nutramax Laboratories,Nutramax Laboratories,TABLET,TABLET,15.87,93.8201,2.0,False,True,False,False,False,False,False,True,False
FAM_013,Nutramax Laboratories,Nutramax Laboratories,CHEW,CHEW,39.99,79.85245,13.5,False,True,False,False,False,False,True,True,True
FAM_014,Nutramax Laboratories,Nutramax Laboratories,CHEW,CHEW,59.99,83.6152,9.0,True,True,True,False,False,False,True,True,True
FAM_015,Joint Max,Other,CHEW,CHEW,65.95,48.2402,132.0,True,True,True,False,False,False,True,True,False
FAM_016,NaturVet,Other,POWDER,POWDER,17.77,53.2051,114.0,True,True,True,False,False,False,False,True,False
FAM_017,In Clover,Other,CHEW,CHEW,89.99,37.5642,163.0,False,True,False,False,False,False,True,True,False
FAM_018,NaturVet,Other,TABLET,TABLET,31.77,55.6521,97.0,True,True,True,False,False,False,False,True,False
FAM_019,Vetoquinol,Other,CHEW,CHEW,37.97,64.6911,53.0,True,True,True,False,True,False,False,False,False
FAM_020,Dogzymes,Other,POWDER,POWDER,52.95,39.0273,161.0,False,True,False,False,False,False,False,True,False
FAM_021,Nutramax Laboratories,Nutramax Laboratories,TABLET,TABLET,59.99,89.1404,4.0,False,True,False,False,False,False,False,True,False
FAM_022,Wholistic Pet Organics,Other,POWDER,POWDER,49.99,42.9807,150.0,True,True,True,True,False,False,False,True,False
FAM_023,Extend,Other,POWDER,POWDER,40.9,62.4671,62.0,True,True,False,False,True,False,False,True,False
FAM_024,BIXBI,Other,Stick,Other,5.94,54.0016,110.0,True,True,True,False,False,False,False,False,False
FAM_025,ProSense,Other,TABLET,TABLET,30.69,59.2759,82.0,False,True,False,False,False,False,False,True,False
FAM_026,PetNC Natural Care,Other,CHEW,CHEW,9.99,82.7733,10.0,False,True,False,False,False,False,False,True,False
FAM_027,Natural Dog Company,Other,LIQUID,LIQUID,27.4,60.5106,71.0,False,True,False,False,False,False,False,True,False
FAM_029,VETRISCIENCE,Other,CHEW,CHEW,30.79,56.4175,94.0,True,True,False,True,False,False,False,True,False
FAM_030,Vetoquinol,Other,CHEW,CHEW,59.97,76.1961,20.0,True,True,True,False,True,False,False,False,False
FAM_031,Doggie Dailies,Other,CHEW,CHEW,37.99,66.3288,44.0,True,True,True,False,False,False,True,True,False
FAM_032,Amazing Nutritionals,Other,TABLET,TABLET,21.97,63.261,58.0,True,True,True,False,False,False,True,True,False
FAM_033,VETIQ,Other,CHEW,CHEW,24.94,89.3555,3.0,True,True,True,False,False,False,False,True,False
FAM_035,MOVOFLEX,Other,CHEW,CHEW,67.39,59.5693,78.0,False,True,False,False,False,True,True,True,False
FAM_036,Nutramax Laboratories,Nutramax Laboratories,CHEW,CHEW,39.99,83.827,7.0,True,True,True,False,False,False,False,True,False
FAM_037,Nutramax Laboratories,Nutramax Laboratories,CHEW,CHEW,14.97,77.6472,16.0,True,True,True,False,False,False,False,True,False
FAM_038,Nutramax Laboratories,Nutramax Laboratories,CHEW,CHEW,24.97,71.4727,27.0,True,True,True,False,False,False,False,True,False
FAM_039,GLYDE,Other,CHEW,CHEW,74.94,45.7897,139.0,True,True,True,True,False,False,False,False,False
FAM_040,Zesty Paws,Zesty Paws,CHEW,CHEW,32.97,67.5402,34.0,False,True,False,False,False,False,False,True,False
FAM_041,GRIZZLY PET PRODUCTS,Other,LIQUID,LIQUID,25.49,49.9002,124.0,True,True,True,False,False,False,False,True,False
FAM_042,Fera Pets,Other,CHEW,CHEW,39.95,55.1564,101.0,True,True,True,True,False,False,True,True,False
FAM_043,VetPro Complete,Other,CHEW,CHEW,37.45,57.16965,86.0,True,True,True,False,False,False,True,True,False
FAM_044,Zesty Paws,Zesty Paws,CHEW,CHEW,32.97,84.5461,6.0,True,True,True,False,False,False,False,True,False
FAM_045,Nutramax Laboratories,Nutramax Laboratories,CHEW,CHEW,35.980000000000004,77.39410000000001,15.5,True,True,True,False,False,False,False,True,False
FAM_046,WINPRO,Other,CHEW,CHEW,35.99,67.2891,37.0,False,False,False,False,False,False,False,False,False
FAM_047,NaturVet,Other,CHEW,CHEW,57.27,46.8971,136.0,False,True,False,False,False,False,False,True,False
FAM_048,PupGrade,Other,CHEW,CHEW,34.95,59.5499,79.0,True,True,False,True,False,False,False,True,False
FAM_049,Buddy Biscuits,Other,CHEW,CHEW,4.99,65.4355,48.0,False,True,False,False,False,False,True,False,False
FAM_050,Zesty Paws,Zesty Paws,CHEW,CHEW,42.97,72.8007,24.0,False,True,False,False,False,False,True,False,False
FAM_051,Coco and Luna,Other,TABLET,TABLET,23.99,66.3819,43.0,False,False,False,False,False,False,True,False,False
FAM_052,Zesty Paws,Zesty Paws,CHEW,CHEW,42.97,61.4477,66.0,True,True,False,True,False,False,True,True,False
FAM_053,Zesty Paws,Zesty Paws,CHEW,CHEW,19.97,59.671,76.0,True,True,True,True,False,False,False,False,False
FAM_054,DOGSWELL,Other,Stick,Other,29.99,49.1478,127.0,False,True,False,False,False,False,False,False,False
FAM_055,DOGSWELL,Other,Treats,Other,30.59,65.4932,47.0,False,True,False,False,False,False,False,False,False
FAM_056,Pet Honesty,Other,CHEW,CHEW,32.99,64.9947,51.0,True,True,True,False,False,False,True,True,False
FAM_057,Pet Honesty,Other,CHEW,CHEW,32.99,78.3944,13.0,True,True,True,False,False,False,False,True,False
FAM_058,Natural Dog Company,Other,CHEW,CHEW,29.0,59.0056,84.0,True,True,True,True,False,False,True,True,False
FAM_059,PetLab Co.,Other,CHEW,CHEW,35.95,69.3232,30.0,True,True,True,True,False,False,True,False,False
FAM_060,Vet's Best,Other,TABLET,TABLET,20.96,70.8399,28.0,False,True,False,False,False,False,False,True,False
FAM_061,Zesty Paws,Zesty Paws,CHEW,CHEW,32.97,72.7867,25.0,False,True,False,False,False,False,False,True,False
FAM_062,Pet Honesty,Other,CHEW,CHEW,42.99,68.05510000000001,41.0,True,True,True,True,False,False,False,True,False
FAM_063,Pet Honesty,Other,CHEW,CHEW,32.99,60.3214,73.0,True,True,True,False,False,False,True,False,False
FAM_064,Doggie Dailies,Other,CHEW,CHEW,37.99,62.5102,61.0,True,True,True,False,False,False,True,True,False
FAM_065,YuMOVE,Other,TABLET,TABLET,49.99,62.5112,60.0,True,True,True,True,False,False,False,True,False
FAM_066,YuMOVE,Other,TABLET,TABLET,68.99,55.0256,103.0,True,True,True,True,False,False,False,True,False
FAM_067,NaturVet,Other,CHEW,CHEW,38.77,50.9889,120.0,False,True,False,False,False,False,False,True,False
FAM_068,STRELLALAB,STRELLALAB,CHEW,CHEW,29.97,62.3358,63.0,True,True,True,False,False,False,False,True,False
FAM_069,STRELLALAB,STRELLALAB,CHEW,CHEW,26.66,66.4946,42.0,False,True,False,False,False,False,True,True,False
FAM_070,MediNatura,Other,TABLET,TABLET,18.99,56.6768,90.0,False,True,False,False,False,False,False,False,False
FAM_071,YuMOVE,Other,CHEW,CHEW,45.99,53.3296,113.0,True,True,True,True,False,False,False,True,False
FAM_072,LEGITPET,Other,LIQUID,LIQUID,32.98,51.5184,119.0,False,True,False,False,False,False,False,True,False
FAM_073,VETIQ,Other,TABLET,TABLET,21.33,65.9018,46.0,True,True,True,True,False,True,False,True,False
FAM_074,BARK&SPARK,Other,CHEW,CHEW,26.380000000000003,51.39285,119.0,True,True,True,False,False,False,False,True,False
FAM_075,FOUR LEAF ROVER,Other,POWDER,POWDER,29.99,41.2505,154.0,True,True,False,True,False,True,True,False,False
FAM_076,Amazon Basics,Other,CHEW,CHEW,30.044999999999998,47.833349999999996,132.5,False,True,False,False,False,False,False,True,False
FAM_077,Amazon Basics,Other,CHEW,CHEW,23.205,60.50595,73.5,True,True,False,True,False,False,False,True,False
FAM_078,Amazon Basics,Other,TABLET,TABLET,18.19,54.5166,107.0,True,True,False,True,False,False,False,True,False
FAM_079,Pawfy,Other,CHEW,CHEW,34.99,59.6101,77.0,True,True,True,False,False,False,False,True,False
FAM_080,Pawfy,Other,CHEW,CHEW,34.99,56.1261,95.0,True,False,True,False,False,False,False,False,False
FAM_081,FURALAND,Other,CHEW,CHEW,19.95,59.3529,81.0,False,True,False,False,False,False,False,True,False
FAM_082,Zesty Paws,Zesty Paws,CHEW,CHEW,49.97,60.1825,74.0,False,True,False,False,False,True,False,True,False
FAM_083,Grateful Pawz,Other,CHEW,CHEW,20.99,60.8284,68.0,False,True,False,False,False,False,False,True,False
FAM_084,STRELLALAB,STRELLALAB,CHEW,CHEW,22.66,50.5447,122.0,True,True,True,False,False,False,False,True,False
FAM_085,STRELLALAB,STRELLALAB,CHEW,CHEW,24.86,49.6586,126.0,True,True,True,False,False,False,False,True,False
FAM_086,STRELLALAB,STRELLALAB,CHEW,CHEW,32.84,70.4051,29.0,True,True,True,False,False,False,False,True,False
FAM_087,MOVOFLEX,Other,CHEW,CHEW,55.73,60.6696,69.0,False,False,False,False,False,False,False,False,False
FAM_088,MOVOFLEX,Other,CHEW,CHEW,64.69,62.958,59.0,False,False,False,False,False,False,False,False,False
FAM_089,NATURE TARGET,Other,CHEW,CHEW,16.14,56.437,93.0,True,True,True,True,False,False,True,True,False
FAM_090,VETIQ,Other,CHEW,CHEW,12.47,65.2641,49.0,True,True,True,False,False,False,False,True,False
FAM_091,Vet Promise,Other,CHEW,CHEW,19.99,59.4921,80.0,True,True,True,False,False,False,False,True,False
FAM_092,Vet Promise,Other,CHEW,CHEW,17.99,54.1655,109.0,True,True,True,True,False,False,True,True,False
FAM_093,PURE DOGS CO.,Other,CHEW,CHEW,37.97,32.1469,175.0,True,True,False,True,False,False,True,True,False
FAM_094,Jope,Other,CHEW,CHEW,62.93,60.5304,70.0,True,True,True,False,True,False,True,False,False
FAM_095,ZEBORA,Other,CHEW,CHEW,16.99,43.5633,147.0,True,True,True,True,False,False,True,True,False
FAM_096,Wuffes,Wuffes,CHEW,CHEW,38.95,82.3904,11.0,True,True,True,True,False,False,False,True,False
FAM_097,Wuffes,Wuffes,CHEW,CHEW,49.0,76.023,21.0,True,True,True,True,False,False,False,True,False
FAM_098,Pro Plan Veterinary Diets,Other,CHEW,CHEW,12.99,61.8746,64.0,True,True,True,False,False,False,False,True,False
FAM_099,Pro Plan Veterinary Diets,Other,CHEW,CHEW,29.985,61.04915,69.5,True,True,True,False,False,False,False,True,False
FAM_100,Bernie's,Other,CHEW,CHEW,31.99,55.0366,102.0,True,True,True,True,False,False,True,True,False
FAM_101,Bernie's,Other,CHEW,CHEW,31.99,53.5484,112.0,True,True,True,True,False,False,True,True,False
FAM_102,Pup Labs,Other,CHEW,CHEW,28.99,45.2422,143.0,False,True,False,False,False,False,True,True,False
FAM_103,STRELLALAB,STRELLALAB,CHEW,CHEW,43.875,42.2532,149.5,True,True,True,False,False,False,False,True,False
FAM_104,STRELLALAB,STRELLALAB,CHEW,CHEW,43.99,54.8735,105.0,True,True,True,False,False,False,False,True,False
FAM_105,PhyCox,Other,CHEW,CHEW,80.37,52.1634,116.0,True,True,True,False,False,False,False,True,False
FAM_106,Wuffes,Wuffes,CHEW,CHEW,38.95,54.7283,106.0,True,False,True,False,False,False,False,False,False
FAM_108,PetLab Co.,Other,CHEW,CHEW,35.95,51.7291,117.0,True,True,True,True,False,False,True,False,False
FAM_109,Nutribark,Other,CHEW,CHEW,38.95,30.3462,178.0,True,True,True,False,False,False,True,True,False
FAM_110,Native Pet,Other,POWDER,POWDER,19.99,68.3934,32.0,False,True,False,False,False,False,False,False,False
FAM_111,NATURE TARGET,Other,CHEW,CHEW,15.44,55.0104,104.0,True,True,True,True,False,False,True,True,True
FAM_112,Antinol,Other,GEL,Other,55.0,59.8519,75.0,True,True,True,True,False,False,False,False,False
FAM_113,Artullano,Other,CHEW,CHEW,21.99,43.0156,149.0,False,True,False,False,False,False,True,True,False
FAM_114,Vet Treat,Other,CHEW,CHEW,24.95,40.0824,158.0,True,True,False,True,False,False,True,True,False
FAM_115,Nutramax Laboratories,Nutramax Laboratories,CHEW,CHEW,54.99,67.3248,36.0,True,True,True,False,False,False,True,True,True
FAM_116,Nutramax Laboratories,Nutramax Laboratories,CHEW,CHEW,65.99,68.9358,31.0,True,True,True,False,False,False,True,True,True
FAM_117,Greenies,Other,CAPSULE,Other,16.98,55.5484,98.0,False,True,False,False,False,False,False,False,False
FAM_118,YUMA'S,Other,CHEW,CHEW,28.490000000000002,51.19205,116.0,False,True,False,False,False,False,False,True,False
FAM_119,BADLANDS RANCH,Other,POWDER,POWDER,34.99,37.1546,165.0,True,False,True,True,False,False,True,False,False
FAM_120,ZEBORA,Other,CHEW,CHEW,15.38,45.7642,140.0,True,True,True,False,False,False,True,True,False
FAM_121,WONDER PAWS,Other,LIQUID,LIQUID,34.95,44.2861,145.0,False,True,False,False,False,False,False,True,False
FAM_122,TTLXRL,Other,CHEW,CHEW,25.99,65.0794,50.0,False,True,False,False,False,False,True,True,False
FAM_123,Wuffes,Wuffes,CHEW,CHEW,89.95,67.8955,33.0,True,True,True,True,False,False,False,True,False
FAM_124,Wuffes,Wuffes,CHEW,CHEW,69.95,66.8467,40.0,True,True,True,True,False,False,False,True,False
FAM_125,Wuffes,Wuffes,CHEW,CHEW,69.95,46.3767,137.0,True,False,True,False,False,False,False,False,False
FAM_126,Wuffes,Wuffes,CHEW,CHEW,79.95,30.5125,177.0,True,True,True,True,False,False,False,True,False
FAM_127,Wuffes,Wuffes,CHEW,CHEW,79.95,39.5431,160.0,True,True,True,True,False,False,False,True,False
FAM_128,Petsology,Other,CHEW,CHEW,19.76,55.4639,99.0,True,True,True,True,False,False,True,True,False
FAM_129,ZEBORA,Other,CHEW,CHEW,16.99,32.6099,174.0,True,True,True,True,False,False,True,True,False
FAM_130,BioPup,Other,CHEW,CHEW,59.99,41.6691,153.0,True,True,True,False,True,False,True,True,False
FAM_131,STRELLALAB,STRELLALAB,CHEW,CHEW,24.84,58.7186,85.0,True,True,True,True,False,False,True,True,False
FAM_134,ROYAL CANIN,Other,CHEW,CHEW,13.49,44.6994,144.0,True,False,True,True,False,False,False,False,False
FAM_135,Tciika,Other,CHEW,CHEW,9.99,57.0967,89.0,True,True,True,False,False,False,False,True,False
FAM_136,DRFOSTER,Other,CHEW,CHEW,23.09,31.4237,176.0,True,True,True,False,False,False,True,True,False
FAM_137,NuLife Natural Pet Health,Other,LIQUID,LIQUID,24.95,24.9509,182.0,False,True,False,False,False,False,False,True,False
FAM_138,Petsology,Other,CHEW,CHEW,17.99,48.2739,131.0,True,True,False,True,False,False,True,True,False
FAM_139,NATUREFLOW,Other,TABLET,TABLET,28.64,48.9881,128.5,True,True,False,True,False,False,False,True,False
FAM_140,TTLXBL,Other,CHEW,CHEW,17.99,67.4802,35.0,True,True,True,False,False,False,False,True,False
FAM_141,YUMA'S,Other,CHEW,CHEW,23.99,66.6108,41.0,True,True,True,False,False,False,True,True,False
FAM_142,Vet Promise,Other,CHEW,CHEW,16.16,41.0763,155.0,True,True,True,True,False,False,True,True,False
FAM_143,Chew + Heal Labs,Other,CHEW,CHEW,39.99,35.899,169.0,True,True,True,True,False,False,True,True,False
FAM_144,Chew + Heal Labs,Other,CHEW,CHEW,22.99,55.9057,96.0,True,True,True,True,False,False,True,True,False
FAM_145,Veterinary Formula,Other,TABLET,TABLET,14.97,41.8328,152.0,True,True,True,False,False,False,False,False,False
FAM_146,YuMOVE,Other,CHEW,CHEW,32.49,38.586650000000006,160.5,True,True,True,True,False,False,False,True,False
FAM_147,CHEWIA,Other,CHEW,CHEW,11.99,28.6357,179.0,False,True,False,False,False,False,True,True,False
FAM_148,Native Pet,Other,POWDER,POWDER,24.99,51.5634,118.0,True,True,False,True,True,False,False,True,False
FAM_149,NHWHDJH,Other,CHEW,CHEW,18.99,42.7071,151.0,True,True,True,True,False,False,True,True,False
FAM_150,SnazFirst,Other,GEL,Other,9.98,37.2646,164.0,True,True,True,True,True,False,True,True,False
FAM_151,Wuffes,Wuffes,LIQUID,LIQUID,64.95,45.2521,142.0,True,True,False,False,True,False,True,True,False
FAM_152,Native Pet,Other,CHEW,CHEW,24.99,35.4397,170.0,True,True,False,False,True,False,False,True,False
FAM_153,HEAPETS,Other,CHEW,CHEW,9.49,23.2819,185.0,True,True,True,True,False,False,True,True,False
FAM_154,DRMOIS,Other,CHEW,CHEW,19.99,23.0055,186.0,True,True,True,True,False,False,True,True,False
FAM_156,STRELLALAB,STRELLALAB,CHEW,CHEW,17.96,61.437,67.0,True,True,True,False,False,False,False,True,False
FAM_157,OKKÖBI,Other,CHEW,CHEW,13.99,40.3889,156.0,True,True,False,True,False,False,True,True,False
FAM_158,ColEaze,Other,CHEW,CHEW,16.99,36.8138,168.0,True,True,True,True,False,True,True,True,False
FAM_160,Petsology,Other,CHEW,CHEW,19.79,59.1271,83.0,True,True,True,True,False,False,True,True,False
FAM_161,Zozdal,Other,CHEW,CHEW,15.33,40.2685,157.0,True,True,False,True,False,False,True,True,False
FAM_162,Vialoe,Other,CHEW,CHEW,29.98,38.2919,162.0,True,True,True,True,False,False,True,True,False
FAM_163,ELEVTC,Other,CHEW,CHEW,10.99,35.2679,171.0,True,True,False,True,False,False,True,True,False
FAM_164,Native Pet,Other,POWDER,POWDER,29.99,45.4048,141.0,True,False,False,False,True,False,False,False,False
FAM_165,Petscy,Other,CHEW,CHEW,31.99,20.7438,191.0,True,True,True,True,False,False,True,True,False
FAM_166,PureJoy Pets,Other,CHEW,CHEW,38.99,23.5462,184.0,False,True,False,False,False,False,False,True,False
FAM_167,VETIQ,Other,CHEW,CHEW,18.71,49.6758,125.0,True,True,True,False,False,False,False,True,False
FAM_168,Pro Plan Veterinary Diets,Other,CHEW,CHEW,24.99,53.7534,111.0,True,True,True,False,False,False,False,True,False
FAM_170,BARK&SPARK,Other,CHEW,CHEW,19.9,22.9458,187.0,True,True,True,False,False,False,False,True,False
FAM_171,CFILIHTC,Other,LIQUID_DROPS,Other,16.99,27.7927,180.0,True,True,True,False,False,False,True,True,False
FAM_172,Kadays,Other,CHEW,CHEW,6.99,40.0256,159.0,False,True,False,False,False,False,True,True,False
FAM_173,Luckiepaw,Other,CHEW,CHEW,29.99,21.136,189.0,True,True,False,False,True,False,False,False,True
FAM_174,Proactive Paws,Other,POWDER,POWDER,39.95,22.8862,188.0,True,True,False,False,True,True,False,True,False
FAM_177,STHHD,Other,CHEW,CHEW,8.99,24.9907,181.0,True,True,False,True,False,False,True,True,False
FAM_178,WEALLIN,Other,CHEW,CHEW,18.99,36.8179,167.0,True,True,False,True,False,False,True,True,False
FAM_180,Zubest,Other,POWDER,POWDER,10.99,24.6135,183.0,False,True,False,False,False,False,False,True,False
FAM_185,Chew + Heal Labs,Other,CHEW,CHEW,8.99,54.3754,108.0,False,True,False,False,False,False,False,True,False
FAM_187,Bernie's,Other,CHEW,CHEW,31.99,21.0192,190.0,True,True,True,True,False,False,True,True,False
