product_family_id,brand,brand_group,form,form_group,price_amount,score,rank,supportive_any,glucosamine_chondroitin,omega3,green_lipped_mussel,ucii,eggshell_membrane,boswellia_turmeric_curcumin,msm_hyaluronic_acid,asu,certainty_weighted_net_support,evidence_certainty_max,evidence_certainty_mean,matched_evidence_clusters,net_support_max,net_support_mean,strongest_cluster
FAM_001,Vet's Best,Other,TABLET,TABLET,9.89,66.1633,45.0,False,True,False,False,False,False,False,True,False,-24.79112686679741,87.58,66.28999999999999,glucosamine_chondroitin;msm_hyaluronic_acid,50.0,-6.609999999999999,glucosamine_chondroitin
FAM_002,Nutri-Vet,Other,TABLET,TABLET,11.63,76.3888,19.0,False,False,False,False,False,False,False,False,False,,,,,,,
FAM_003,Nutri-Vet,Other,Treats,Other,21.65,64.5934,54.0,False,True,False,False,False,False,False,False,False,-63.22,87.58,87.58,glucosamine_chondroitin,-63.22,-63.22,glucosamine_chondroitin
FAM_004,The Missing Link,Other,POWDER,POWDER,29.99,60.4791,72.0,True,True,True,False,False,False,False,True,False,25.315724281135736,88.95,73.84333333333333,glucosamine_chondroitin;omega3;msm_hyaluronic_acid,100.0,28.926666666666666,omega3
FAM_005,LIQUIDHEALTH,Other,LIQUID,LIQUID,42.45,53.71375,101.5,False,True,False,False,False,False,False,True,False,-24.79112686679741,87.58,66.28999999999999,glucosamine_chondroitin;msm_hyaluronic_acid,50.0,-6.609999999999999,glucosamine_chondroitin
FAM_006,Pala Tech,Other,CHEW,CHEW,56.52,34.4964,172.0,True,True,True,False,False,False,False,True,False,25.315724281135736,88.95,73.84333333333333,glucosamine_chondroitin;omega3;msm_hyaluronic_acid,100.0,28.926666666666666,omega3
FAM_007,VETRISCIENCE,Other,CHEW,CHEW,35.33,71.27705,33.5,True,True,True,True,False,False,False,True,False,40.74128336079078,88.95,75.875,glucosamine_chondroitin;omega3;green_lipped_mussel;msm_hyaluronic_acid,100.0,42.3025,omega3
FAM_008,Nutri-Vet,Other,TABLET,TABLET,39.12,50.5658,121.0,False,True,False,False,False,False,False,True,False,-24.79112686679741,87.58,66.28999999999999,glucosamine_chondroitin;msm_hyaluronic_acid,50.0,-6.609999999999999,glucosamine_chondroitin
FAM_009,VETRISCIENCE,Other,CHEW,CHEW,37.07,58.11,88.0,True,True,False,True,False,False,False,True,False,16.173290608249825,87.58,71.51666666666667,glucosamine_chondroitin;green_lipped_mussel;msm_hyaluronic_acid,82.43,23.070000000000004,glucosamine_chondroitin
FAM_010,Nutramax Laboratories,Nutramax Laboratories,CHEW,CHEW,43.99,73.0211,23.0,False,True,False,False,False,False,True,False,True,-10.40162390814701,87.58,60.676666666666655,glucosamine_chondroitin;boswellia_turmeric_curcumin;asu,50.0,5.719999999999999,glucosamine_chondroitin
FAM_011,Nutramax Laboratories,Nutramax Laboratories,TABLET,TABLET,34.91,98.5,1.0,False,True,False,False,False,False,False,True,False,-24.79112686679741,87.58,66.28999999999999,glucosamine_chondroitin;msm_hyaluronic_acid,50.0,-6.609999999999999,glucosamine_chondroitin
FAM_012,Nutramax Laboratories,Nutramax Laboratories,TABLET,TABLET,15.87,93.8201,2.0,False,True,False,False,False,False,False,True,False,-24.79112686679741,87.58,66.28999999999999,glucosamine_chondroitin;msm_hyaluronic_acid,50.0,-6.609999999999999,glucosamine_chondroitin
FAM_013,Nutramax Laboratories,Nutramax Laboratories,CHEW,CHEW,39.99,79.85245,13.5,False,True,False,False,False,False,True,True,True,1.5706840505660036,87.58,56.75749999999999,glucosamine_chondroitin;boswellia_turmeric_curcumin;msm_hyaluronic_acid;asu,50.0,16.79,glucosamine_chondroitin
FAM_014,Nutramax Laboratories,Nutramax Laboratories,CHEW,CHEW,59.99,83.6152,9.0,True,True,True,False,False,False,True,True,True,29.27904424330654,88.95,63.19599999999999,glucosamine_chondroitin;omega3;boswellia_turmeric_curcumin;msm_hyaluronic_acid;asu,100.0,33.432,omega3
FAM_015,Joint Max,Other,CHEW,CHEW,65.95,48.2402,132.0,True,True,True,False,False,False,True,True,False,26.322975445702095,88.95,69.1325,glucosamine_chondroitin;omega3;boswellia_turmeric_curcumin;msm_hyaluronic_acid,100.0,29.29,omega3
FAM_016,NaturVet,Other,POWDER,POWDER,17.77,53.2051,114.0,True,True,True,False,False,False,False,True,False,25.315724281135736,88.95,73.84333333333333,glucosamine_chondroitin;omega3;msm_hyaluronic_acid,100.0,28.926666666666666,omega3
FAM_017,In Clover,Other,CHEW,CHEW,89.99,37.5642,163.0,False,True,False,False,False,False,True,True,False,-8.614498347371791,87.58,62.526666666666664,glucosamine_chondroitin;boswellia_turmeric_curcumin;msm_hyaluronic_acid,50.0,5.719999999999999,glucosamine_chondroitin
FAM_018,NaturVet,Other,TABLET,TABLET,31.77,55.6521,97.0,True,True,True,False,False,False,False,True,False,25.315724281135736,88.95,73.84333333333333,glucosamine_chondroitin;omega3;msm_hyaluronic_acid,100.0,28.926666666666666,omega3
FAM_019,Vetoquinol,Other,CHEW,CHEW,37.97,64.6911,53.0,True,True,True,False,True,False,False,False,False,38.62408695990961,88.95,85.55666666666667,glucosamine_chondroitin;omega3;ucii,100.0,39.526666666666664,omega3
FAM_020,Dogzymes,Other,POWDER,POWDER,52.95,39.0273,161.0,False,True,False,False,False,False,False,True,False,-24.79112686679741,87.58,66.28999999999999,glucosamine_chondroitin;msm_hyaluronic_acid,50.0,-6.609999999999999,glucosamine_chondroitin
FAM_021,Nutramax Laboratories,Nutramax Laboratories,TABLET,TABLET,59.99,89.1404,4.0,False,True,False,False,False,False,False,True,False,-24.79112686679741,87.58,66.28999999999999,glucosamine_chondroitin;msm_hyaluronic_acid,50.0,-6.609999999999999,glucosamine_chondroitin
FAM_022,Wholistic Pet Organics,Other,POWDER,POWDER,49.99,42.9807,150.0,True,True,True,True,False,False,False,True,False,40.74128336079078,88.95,75.875,glucosamine_chondroitin;omega3;green_lipped_mussel;msm_hyaluronic_acid,100.0,42.3025,omega3
FAM_023,Extend,Other,POWDER,POWDER,40.9,62.4671,62.0,True,True,False,False,True,False,False,True,False,15.365947724708537,87.58,70.90666666666667,glucosamine_chondroitin;ucii;msm_hyaluronic_acid,81.8,22.86,glucosamine_chondroitin
FAM_024,BIXBI,Other,Stick,Other,5.94,54.0016,110.0,True,True,True,False,False,False,False,False,False,19.02335240469042,88.95,88.265,glucosamine_chondroitin;omega3,100.0,18.39,omega3
FAM_025,ProSense,Other,TABLET,TABLET,30.69,59.2759,82.0,False,True,False,False,False,False,False,True,False,-24.79112686679741,87.58,66.28999999999999,glucosamine_chondroitin;msm_hyaluronic_acid,50.0,-6.609999999999999,glucosamine_chondroitin
FAM_026,PetNC Natural Care,Other,CHEW,CHEW,9.99,82.7733,10.0,False,True,False,False,False,False,False,True,False,-24.79112686679741,87.58,66.28999999999999,glucosamine_chondroitin;msm_hyaluronic_acid,50.0,-6.609999999999999,glucosamine_chondroitin
FAM_027,Natural Dog Company,Other,LIQUID,LIQUID,27.4,60.5106,71.0,False,True,False,False,False,False,False,True,False,-24.79112686679741,87.58,66.28999999999999,glucosamine_chondroitin;msm_hyaluronic_acid,50.0,-6.609999999999999,glucosamine_chondroitin
FAM_029,VETRISCIENCE,Other,CHEW,CHEW,30.79,56.4175,94.0,True,True,False,True,False,False,False,True,False,16.173290608249825,87.58,71.51666666666667,glucosamine_chondroitin;green_lipped_mussel;msm_hyaluronic_acid,82.43,23.070000000000004,glucosamine_chondroitin
FAM_030,Vetoquinol,Other,CHEW,CHEW,59.97,76.1961,20.0,True,True,True,False,True,False,False,False,False,38.62408695990961,88.95,85.55666666666667,glucosamine_chondroitin;omega3;ucii,100.0,39.526666666666664,omega3
FAM_031,Doggie Dailies,Other,CHEW,CHEW,37.99,66.3288,44.0,True,True,True,False,False,False,True,True,False,26.322975445702095,88.95,69.1325,glucosamine_chondroitin;omega3;boswellia_turmeric_curcumin;msm_hyaluronic_acid,100.0,29.29,omega3
FAM_032,Amazing Nutritionals,Other,TABLET,TABLET,21.97,63.261,58.0,True,True,True,False,False,False,True,True,False,26.322975445702095,88.95,69.1325,glucosamine_chondroitin;omega3;boswellia_turmeric_curcumin;msm_hyaluronic_acid,100.0,29.29,omega3
FAM_033,VETIQ,Other,CHEW,CHEW,24.94,89.3555,3.0,True,True,True,False,False,False,False,True,False,25.315724281135736,88.95,73.84333333333333,glucosamine_chondroitin;omega3;msm_hyaluronic_acid,100.0,28.926666666666666,omega3
FAM_035,MOVOFLEX,Other,CHEW,CHEW,67.39,59.5693,78.0,False,True,False,False,False,True,True,True,False,10.13250226729326,87.58,60.644999999999996,glucosamine_chondroitin;eggshell_membrane;boswellia_turmeric_curcumin;msm_hyaluronic_acid,74.07,22.807499999999997,glucosamine_chondroitin
FAM_036,Nutramax Laboratories,Nutramax Laboratories,CHEW,CHEW,39.99,83.827,7.0,True,True,True,False,False,False,False,True,False,25.315724281135736,88.95,73.84333333333333,glucosamine_chondroitin;omega3;msm_hyaluronic_acid,100.0,28.926666666666666,omega3
FAM_037,Nutramax Laboratories,Nutramax Laboratories,CHEW,CHEW,14.97,77.6472,16.0,True,True,True,False,False,False,False,True,False,25.315724281135736,88.95,73.84333333333333,glucosamine_chondroitin;omega3;msm_hyaluronic_acid,100.0,28.926666666666666,omega3
FAM_038,Nutramax Laboratories,Nutramax Laboratories,CHEW,CHEW,24.97,71.4727,27.0,True,True,True,False,False,False,False,True,False,25.315724281135736,88.95,73.84333333333333,glucosamine_chondroitin;omega3;msm_hyaluronic_acid,100.0,28.926666666666666,omega3
FAM_039,GLYDE,Other,CHEW,CHEW,74.94,45.7897,139.0,True,True,True,True,False,False,False,False,False,39.12951450676983,88.95,86.16666666666667,glucosamine_chondroitin;omega3;green_lipped_mussel,100.0,39.73666666666667,omega3
FAM_040,Zesty Paws,Zesty Paws,CHEW,CHEW,32.97,67.5402,34.0,False,True,False,False,False,False,False,True,False,-24.79112686679741,87.58,66.28999999999999,glucosamine_chondroitin;msm_hyaluronic_acid,50.0,-6.609999999999999,glucosamine_chondroitin
FAM_041,GRIZZLY PET PRODUCTS,Other,LIQUID,LIQUID,25.49,49.9002,124.0,True,True,True,False,False,False,False,True,False,25.315724281135736,88.95,73.84333333333333,glucosamine_chondroitin;omega3;msm_hyaluronic_acid,100.0,28.926666666666666,omega3
FAM_042,Fera Pets,Other,CHEW,CHEW,39.95,55.1564,101.0,True,True,True,True,False,False,True,True,False,39.151686192468624,88.95,71.7,glucosamine_chondroitin;omega3;green_lipped_mussel;boswellia_turmeric_curcumin;msm_hyaluronic_acid,100.0,39.918,omega3
FAM_043,VetPro Complete,Other,CHEW,CHEW,37.45,57.16965,86.0,True,True,True,False,False,False,True,True,False,26.322975445702095,88.95,69.1325,glucosamine_chondroitin;omega3;boswellia_turmeric_curcumin;msm_hyaluronic_acid,100.0,29.29,omega3
FAM_044,Zesty Paws,Zesty Paws,CHEW,CHEW,32.97,84.5461,6.0,True,True,True,False,False,False,False,True,False,25.315724281135736,88.95,73.84333333333333,glucosamine_chondroitin;omega3;msm_hyaluronic_acid,100.0,28.926666666666666,omega3
FAM_045,Nutramax Laboratories,Nutramax Laboratories,CHEW,CHEW,35.980000000000004,77.39410000000001,15.5,True,True,True,False,False,False,False,True,False,25.315724281135736,88.95,73.84333333333333,glucosamine_chondroitin;omega3;msm_hyaluronic_acid,100.0,28.926666666666666,omega3
FAM_046,WINPRO,Other,CHEW,CHEW,35.99,67.2891,37.0,False,False,False,False,False,False,False,False,False,,,,,,,
FAM_047,NaturVet,Other,CHEW,CHEW,57.27,46.8971,136.0,False,True,False,False,False,False,False,True,False,-24.79112686679741,87.58,66.28999999999999,glucosamine_chondroitin;msm_hyaluronic_acid,50.0,-6.609999999999999,glucosamine_chondroitin
FAM_048,PupGrade,Other,CHEW,CHEW,34.95,59.5499,79.0,True,True,False,True,False,False,False,True,False,16.173290608249825,87.58,71.51666666666667,glucosamine_chondroitin;green_lipped_mussel;msm_hyaluronic_acid,82.43,23.070000000000004,glucosamine_chondroitin
FAM_049,Buddy Biscuits,Other,CHEW,CHEW,4.99,65.4355,48.0,False,True,False,False,False,False,True,False,False,-27.113954271286303,87.58,71.28999999999999,glucosamine_chondroitin;boswellia_turmeric_curcumin,30.38,-16.42,glucosamine_chondroitin
FAM_050,Zesty Paws,Zesty Paws,CHEW,CHEW,42.97,72.8007,24.0,False,True,False,False,False,False,True,False,False,-27.113954271286303,87.58,71.28999999999999,glucosamine_chondroitin;boswellia_turmeric_curcumin,30.38,-16.42,glucosamine_chondroitin
FAM_051,Coco and Luna,Other,TABLET,TABLET,23.99,66.3819,43.0,False,False,False,False,False,False,True,False,False,30.38,55.0,55.0,boswellia_turmeric_curcumin,30.38,30.38,boswellia_turmeric_curcumin
FAM_052,Zesty Paws,Zesty Paws,CHEW,CHEW,42.97,61.4477,66.0,True,True,False,True,False,False,True,True,False,19.07208124652198,87.58,67.3875,glucosamine_chondroitin;green_lipped_mussel;boswellia_turmeric_curcumin;msm_hyaluronic_acid,82.43,24.8975,glucosamine_chondroitin
FAM_053,Zesty Paws,Zesty Paws,CHEW,CHEW,19.97,59.671,76.0,True,True,True,True,False,False,False,False,False,39.12951450676983,88.95,86.16666666666667,glucosamine_chondroitin;omega3;green_lipped_mussel,100.0,39.73666666666667,omega3
FAM_054,DOGSWELL,Other,Stick,Other,29.99,49.1478,127.0,False,True,False,False,False,False,False,False,False,-63.22,87.58,87.58,glucosamine_chondroitin,-63.22,-63.22,glucosamine_chondroitin
FAM_055,DOGSWELL,Other,Treats,Other,30.59,65.4932,47.0,False,True,False,False,False,False,False,False,False,-63.22,87.58,87.58,glucosamine_chondroitin,-63.22,-63.22,glucosamine_chondroitin
FAM_056,Pet Honesty,Other,CHEW,CHEW,32.99,64.9947,51.0,True,True,True,False,False,False,True,True,False,26.322975445702095,88.95,69.1325,glucosamine_chondroitin;omega3;boswellia_turmeric_curcumin;msm_hyaluronic_acid,100.0,29.29,omega3
FAM_057,Pet Honesty,Other,CHEW,CHEW,32.99,78.3944,13.0,True,True,True,False,False,False,False,True,False,25.315724281135736,88.95,73.84333333333333,glucosamine_chondroitin;omega3;msm_hyaluronic_acid,100.0,28.926666666666666,omega3
FAM_058,Natural Dog Company,Other,CHEW,CHEW,29.0,59.0056,84.0,True,True,True,True,False,False,True,True,False,39.151686192468624,88.95,71.7,glucosamine_chondroitin;omega3;green_lipped_mussel;boswellia_turmeric_curcumin;msm_hyaluronic_acid,100.0,39.918,omega3
FAM_059,PetLab Co.,Other,CHEW,CHEW,35.95,69.3232,30.0,True,True,True,True,False,False,True,False,False,37.59451196172249,88.95,78.375,glucosamine_chondroitin;omega3;green_lipped_mussel;boswellia_turmeric_curcumin,100.0,37.3975,omega3
FAM_060,Vet's Best,Other,TABLET,TABLET,20.96,70.8399,28.0,False,True,False,False,False,False,False,True,False,-24.79112686679741,87.58,66.28999999999999,glucosamine_chondroitin;msm_hyaluronic_acid,50.0,-6.609999999999999,glucosamine_chondroitin
FAM_061,Zesty Paws,Zesty Paws,CHEW,CHEW,32.97,72.7867,25.0,False,True,False,False,False,False,False,True,False,-24.79112686679741,87.58,66.28999999999999,glucosamine_chondroitin;msm_hyaluronic_acid,50.0,-6.609999999999999,glucosamine_chondroitin
FAM_062,Pet Honesty,Other,CHEW,CHEW,42.99,68.05510000000001,41.0,True,True,True,True,False,False,False,True,False,40.74128336079078,88.95,75.875,glucosamine_chondroitin;omega3;green_lipped_mussel;msm_hyaluronic_acid,100.0,42.3025,omega3
FAM_063,Pet Honesty,Other,CHEW,CHEW,32.99,60.3214,73.0,True,True,True,False,False,False,True,False,False,21.721126419902387,88.95,77.17666666666666,glucosamine_chondroitin;omega3;boswellia_turmeric_curcumin,100.0,22.386666666666667,omega3
FAM_064,Doggie Dailies,Other,CHEW,CHEW,37.99,62.5102,61.0,True,True,True,False,False,False,True,True,False,26.322975445702095,88.95,69.1325,glucosamine_chondroitin;omega3;boswellia_turmeric_curcumin;msm_hyaluronic_acid,100.0,29.29,omega3
FAM_065,YuMOVE,Other,TABLET,TABLET,49.99,62.5112,60.0,True,True,True,True,False,False,False,True,False,40.74128336079078,88.95,75.875,glucosamine_chondroitin;omega3;green_lipped_mussel;msm_hyaluronic_acid,100.0,42.3025,omega3
FAM_066,YuMOVE,Other,TABLET,TABLET,68.99,55.0256,103.0,True,True,True,True,False,False,False,True,False,40.74128336079078,88.95,75.875,glucosamine_chondroitin;omega3;green_lipped_mussel;msm_hyaluronic_acid,100.0,42.3025,omega3
FAM_067,NaturVet,Other,CHEW,CHEW,38.77,50.9889,120.0,False,True,False,False,False,False,False,True,False,-24.79112686679741,87.58,66.28999999999999,glucosamine_chondroitin;msm_hyaluronic_acid,50.0,-6.609999999999999,glucosamine_chondroitin
FAM_068,STRELLALAB,STRELLALAB,CHEW,CHEW,29.97,62.3358,63.0,True,True,True,False,False,False,False,True,False,25.315724281135736,88.95,73.84333333333333,glucosamine_chondroitin;omega3;msm_hyaluronic_acid,100.0,28.926666666666666,omega3
FAM_069,STRELLALAB,STRELLALAB,CHEW,CHEW,26.66,66.4946,42.0,False,True,False,False,False,False,True,True,False,-8.614498347371791,87.58,62.526666666666664,glucosamine_chondroitin;boswellia_turmeric_curcumin;msm_hyaluronic_acid,50.0,5.719999999999999,glucosamine_chondroitin
FAM_070,MediNatura,Other,TABLET,TABLET,18.99,56.6768,90.0,False,True,False,False,False,False,False,False,False,-63.22,87.58,87.58,glucosamine_chondroitin,-63.22,-63.22,glucosamine_chondroitin
FAM_071,YuMOVE,Other,CHEW,CHEW,45.99,53.3296,113.0,True,True,True,True,False,False,False,True,False,40.74128336079078,88.95,75.875,glucosamine_chondroitin;omega3;green_lipped_mussel;msm_hyaluronic_acid,100.0,42.3025,omega3
FAM_072,LEGITPET,Other,LIQUID,LIQUID,32.98,51.5184,119.0,False,True,False,False,False,False,False,True,False,-24.79112686679741,87.58,66.28999999999999,glucosamine_chondroitin;msm_hyaluronic_acid,50.0,-6.609999999999999,glucosamine_chondroitin
FAM_073,VETIQ,Other,TABLET,TABLET,21.33,65.9018,46.0,True,True,True,True,False,True,False,True,False,45.85447559274756,88.95,71.7,glucosamine_chondroitin;omega3;green_lipped_mussel;eggshell_membrane;msm_hyaluronic_acid,100.0,48.656,omega3
FAM_074,BARK&SPARK,Other,CHEW,CHEW,26.380000000000003,51.39285,119.0,True,True,True,False,False,False,False,True,False,25.315724281135736,88.95,73.84333333333333,glucosamine_chondroitin;omega3;msm_hyaluronic_acid,100.0,28.926666666666666,omega3
FAM_075,FOUR LEAF ROVER,Other,POWDER,POWDER,29.99,41.2505,154.0,True,True,False,True,False,True,True,False,False,24.91407440529422,87.58,69.8875,glucosamine_chondroitin;green_lipped_mussel;eggshell_membrane;boswellia_turmeric_curcumin,82.43,30.915,glucosamine_chondroitin
FAM_076,Amazon Basics,Other,CHEW,CHEW,30.045,47.83335,132.5,False,True,False,False,False,False,False,True,False,-24.79112686679741,87.58,66.28999999999999,glucosamine_chondroitin;msm_hyaluronic_acid,50.0,-6.609999999999999,glucosamine_chondroitin
FAM_077,Amazon Basics,Other,CHEW,CHEW,23.205,60.50595,73.5,True,True,False,True,False,False,False,True,False,16.173290608249825,87.58,71.51666666666667,glucosamine_chondroitin;green_lipped_mussel;msm_hyaluronic_acid,82.43,23.070000000000004,glucosamine_chondroitin
FAM_078,Amazon Basics,Other,TABLET,TABLET,18.19,54.5166,107.0,True,True,False,True,False,False,False,True,False,16.173290608249825,87.58,71.51666666666667,glucosamine_chondroitin;green_lipped_mussel;msm_hyaluronic_acid,82.43,23.070000000000004,glucosamine_chondroitin
FAM_079,Pawfy,Other,CHEW,CHEW,34.99,59.6101,77.0,True,True,True,False,False,False,False,True,False,25.315724281135736,88.95,73.84333333333333,glucosamine_chondroitin;omega3;msm_hyaluronic_acid,100.0,28.926666666666666,omega3
FAM_080,Pawfy,Other,CHEW,CHEW,34.99,56.1261,95.0,True,False,True,False,False,False,False,False,False,100.0,88.95,88.95,omega3,100.0,100.0,omega3
FAM_081,FURALAND,Other,CHEW,CHEW,19.95,59.3529,81.0,False,True,False,False,False,False,False,True,False,-24.79112686679741,87.58,66.28999999999999,glucosamine_chondroitin;msm_hyaluronic_acid,50.0,-6.609999999999999,glucosamine_chondroitin
FAM_082,Zesty Paws,Zesty Paws,CHEW,CHEW,49.97,60.1825,74.0,False,True,False,False,False,True,False,True,False,4.195769271777372,87.58,62.526666666666664,glucosamine_chondroitin;eggshell_membrane;msm_hyaluronic_acid,74.07,20.28333333333333,glucosamine_chondroitin
FAM_083,Grateful Pawz,Other,CHEW,CHEW,20.99,60.8284,68.0,False,True,False,False,False,False,False,True,False,-24.79112686679741,87.58,66.28999999999999,glucosamine_chondroitin;msm_hyaluronic_acid,50.0,-6.609999999999999,glucosamine_chondroitin
FAM_084,STRELLALAB,STRELLALAB,CHEW,CHEW,22.66,50.5447,122.0,True,True,True,False,False,False,False,True,False,25.315724281135736,88.95,73.84333333333333,glucosamine_chondroitin;omega3;msm_hyaluronic_acid,100.0,28.926666666666666,omega3
FAM_085,STRELLALAB,STRELLALAB,CHEW,CHEW,24.86,49.6586,126.0,True,True,True,False,False,False,False,True,False,25.315724281135736,88.95,73.84333333333333,glucosamine_chondroitin;omega3;msm_hyaluronic_acid,100.0,28.926666666666666,omega3
FAM_086,STRELLALAB,STRELLALAB,CHEW,CHEW,32.84,70.4051,29.0,True,True,True,False,False,False,False,True,False,25.315724281135736,88.95,73.84333333333333,glucosamine_chondroitin;omega3;msm_hyaluronic_acid,100.0,28.926666666666666,omega3
FAM_087,MOVOFLEX,Other,CHEW,CHEW,55.73,60.6696,69.0,False,False,False,False,False,False,False,False,False,,,,,,,
FAM_088,MOVOFLEX,Other,CHEW,CHEW,64.69,62.958,59.0,False,False,False,False,False,False,False,False,False,,,,,,,
FAM_089,NATURE TARGET,Other,CHEW,CHEW,16.14,56.437,93.0,True,True,True,True,False,False,True,True,False,39.151686192468624,88.95,71.7,glucosamine_chondroitin;omega3;green_lipped_mussel;boswellia_turmeric_curcumin;msm_hyaluronic_acid,100.0,39.918,omega3
FAM_090,VETIQ,Other,CHEW,CHEW,12.47,65.2641,49.0,True,True,True,False,False,False,False,True,False,25.315724281135736,88.95,73.84333333333333,glucosamine_chondroitin;omega3;msm_hyaluronic_acid,100.0,28.926666666666666,omega3
FAM_091,Vet Promise,Other,CHEW,CHEW,19.99,59.4921,80.0,True,True,True,False,False,False,False,True,False,25.315724281135736,88.95,73.84333333333333,glucosamine_chondroitin;omega3;msm_hyaluronic_acid,100.0,28.926666666666666,omega3
FAM_092,Vet Promise,Other,CHEW,CHEW,17.99,54.1655,109.0,True,True,True,True,False,False,True,True,False,39.151686192468624,88.95,71.7,glucosamine_chondroitin;omega3;green_lipped_mussel;boswellia_turmeric_curcumin;msm_hyaluronic_acid,100.0,39.918,omega3
FAM_093,PURE DOGS CO.,Other,CHEW,CHEW,37.97,32.1469,175.0,True,True,False,True,False,False,True,True,False,19.07208124652198,87.58,67.3875,glucosamine_chondroitin;green_lipped_mussel;boswellia_turmeric_curcumin;msm_hyaluronic_acid,82.43,24.8975,glucosamine_chondroitin
FAM_094,Jope,Other,CHEW,CHEW,62.93,60.5304,70.0,True,True,True,False,True,False,True,False,False,37.1692636442391,88.95,77.9175,glucosamine_chondroitin;omega3;ucii;boswellia_turmeric_curcumin,100.0,37.24,omega3
FAM_095,ZEBORA,Other,CHEW,CHEW,16.99,43.5633,147.0,True,True,True,True,False,False,True,True,False,39.151686192468624,88.95,71.7,glucosamine_chondroitin;omega3;green_lipped_mussel;boswellia_turmeric_curcumin;msm_hyaluronic_acid,100.0,39.918,omega3
FAM_096,Wuffes,Wuffes,CHEW,CHEW,38.95,82.3904,11.0,True,True,True,True,False,False,False,True,False,40.74128336079078,88.95,75.875,glucosamine_chondroitin;omega3;green_lipped_mussel;msm_hyaluronic_acid,100.0,42.3025,omega3
FAM_097,Wuffes,Wuffes,CHEW,CHEW,49.0,76.023,21.0,True,True,True,True,False,False,False,True,False,40.74128336079078,88.95,75.875,glucosamine_chondroitin;omega3;green_lipped_mussel;msm_hyaluronic_acid,100.0,42.3025,omega3
FAM_098,Pro Plan Veterinary Diets,Other,CHEW,CHEW,12.99,61.8746,64.0,True,True,True,False,False,False,False,True,False,25.315724281135736,88.95,73.84333333333333,glucosamine_chondroitin;omega3;msm_hyaluronic_acid,100.0,28.926666666666666,omega3
FAM_099,Pro Plan Veterinary Diets,Other,CHEW,CHEW,29.985,61.04915,69.5,True,True,True,False,False,False,False,True,False,25.315724281135736,88.95,73.84333333333333,glucosamine_chondroitin;omega3;msm_hyaluronic_acid,100.0,28.926666666666666,omega3
FAM_100,Bernie's,Other,CHEW,CHEW,31.99,55.0366,102.0,True,True,True,True,False,False,True,True,False,39.151686192468624,88.95,71.7,glucosamine_chondroitin;omega3;green_lipped_mussel;boswellia_turmeric_curcumin;msm_hyaluronic_acid,100.0,39.918,omega3
FAM_101,Bernie's,Other,CHEW,CHEW,31.99,53.5484,112.0,True,True,True,True,False,False,True,True,False,39.151686192468624,88.95,71.7,glucosamine_chondroitin;omega3;green_lipped_mussel;boswellia_turmeric_curcumin;msm_hyaluronic_acid,100.0,39.918,omega3
FAM_102,Pup Labs,Other,CHEW,CHEW,28.99,45.2422,143.0,False,True,False,False,False,False,True,True,False,-8.614498347371791,87.58,62.526666666666664,glucosamine_chondroitin;boswellia_turmeric_curcumin;msm_hyaluronic_acid,50.0,5.719999999999999,glucosamine_chondroitin
FAM_103,STRELLALAB,STRELLALAB,CHEW,CHEW,43.875,42.2532,149.5,True,True,True,False,False,False,False,True,False,25.315724281135736,88.95,73.84333333333333,glucosamine_chondroitin;omega3;msm_hyaluronic_acid,100.0,28.926666666666666,omega3
FAM_104,STRELLALAB,STRELLALAB,CHEW,CHEW,43.99,54.8735,105.0,True,True,True,False,False,False,False,True,False,25.315724281135736,88.95,73.84333333333333,glucosamine_chondroitin;omega3;msm_hyaluronic_acid,100.0,28.926666666666666,omega3
FAM_105,PhyCox,Other,CHEW,CHEW,80.37,52.1634,116.0,True,True,True,False,False,False,False,True,False,25.315724281135736,88.95,73.84333333333333,glucosamine_chondroitin;omega3;msm_hyaluronic_acid,100.0,28.926666666666666,omega3
FAM_106,Wuffes,Wuffes,CHEW,CHEW,38.95,54.7283,106.0,True,False,True,False,False,False,False,False,False,100.0,88.95,88.95,omega3,100.0,100.0,omega3
FAM_108,PetLab Co.,Other,CHEW,CHEW,35.95,51.7291,117.0,True,True,True,True,False,False,True,False,False,37.59451196172249,88.95,78.375,glucosamine_chondroitin;omega3;green_lipped_mussel;boswellia_turmeric_curcumin,100.0,37.3975,omega3
FAM_109,Nutribark,Other,CHEW,CHEW,38.95,30.3462,178.0,True,True,True,False,False,False,True,True,False,26.322975445702095,88.95,69.1325,glucosamine_chondroitin;omega3;boswellia_turmeric_curcumin;msm_hyaluronic_acid,100.0,29.29,omega3
FAM_110,Native Pet,Other,POWDER,POWDER,19.99,68.3934,32.0,False,True,False,False,False,False,False,False,False,-63.22,87.58,87.58,glucosamine_chondroitin,-63.22,-63.22,glucosamine_chondroitin
FAM_111,NATURE TARGET,Other,CHEW,CHEW,15.44,55.0104,104.0,True,True,True,True,False,False,True,True,True,40.227112702600834,88.95,66.325,glucosamine_chondroitin;omega3;green_lipped_mussel;boswellia_turmeric_curcumin;msm_hyaluronic_acid;asu,100.0,41.598333333333336,omega3
FAM_112,Antinol,Other,GEL,Other,55.0,59.8519,75.0,True,True,True,True,False,False,False,False,False,39.12951450676983,88.95,86.16666666666667,glucosamine_chondroitin;omega3;green_lipped_mussel,100.0,39.73666666666667,omega3
FAM_113,Artullano,Other,CHEW,CHEW,21.99,43.0156,149.0,False,True,False,False,False,False,True,True,False,-8.614498347371791,87.58,62.526666666666664,glucosamine_chondroitin;boswellia_turmeric_curcumin;msm_hyaluronic_acid,50.0,5.719999999999999,glucosamine_chondroitin
FAM_114,Vet Treat,Other,CHEW,CHEW,24.95,40.0824,158.0,True,True,False,True,False,False,True,True,False,19.07208124652198,87.58,67.3875,glucosamine_chondroitin;green_lipped_mussel;boswellia_turmeric_curcumin;msm_hyaluronic_acid,82.43,24.8975,glucosamine_chondroitin
FAM_115,Nutramax Laboratories,Nutramax Laboratories,CHEW,CHEW,54.99,67.3248,36.0,True,True,True,False,False,False,True,True,True,29.27904424330654,88.95,63.19599999999999,glucosamine_chondroitin;omega3;boswellia_turmeric_curcumin;msm_hyaluronic_acid;asu,100.0,33.432,omega3
FAM_116,Nutramax Laboratories,Nutramax Laboratories,CHEW,CHEW,65.99,68.9358,31.0,True,True,True,False,False,False,True,True,True,29.27904424330654,88.95,63.19599999999999,glucosamine_chondroitin;omega3;boswellia_turmeric_curcumin;msm_hyaluronic_acid;asu,100.0,33.432,omega3
FAM_117,Greenies,Other,CAPSULE,Other,16.98,55.5484,98.0,False,True,False,False,False,False,False,False,False,-63.22,87.58,87.58,glucosamine_chondroitin,-63.22,-63.22,glucosamine_chondroitin
FAM_118,YUMA'S,Other,CHEW,CHEW,28.49,51.19205,116.0,False,True,False,False,False,False,False,True,False,-24.79112686679741,87.58,66.28999999999999,glucosamine_chondroitin;msm_hyaluronic_acid,50.0,-6.609999999999999,glucosamine_chondroitin
FAM_119,BADLANDS RANCH,Other,POWDER,POWDER,34.99,37.1546,165.0,True,False,True,True,False,False,True,False,False,76.67619998229462,88.95,75.30666666666667,omega3;green_lipped_mussel;boswellia_turmeric_curcumin,100.0,70.93666666666667,omega3
FAM_120,ZEBORA,Other,CHEW,CHEW,15.38,45.7642,140.0,True,True,True,False,False,False,True,True,False,26.322975445702095,88.95,69.1325,glucosamine_chondroitin;omega3;boswellia_turmeric_curcumin;msm_hyaluronic_acid,100.0,29.29,omega3
FAM_121,WONDER PAWS,Other,LIQUID,LIQUID,34.95,44.2861,145.0,False,True,False,False,False,False,False,True,False,-24.79112686679741,87.58,66.28999999999999,glucosamine_chondroitin;msm_hyaluronic_acid,50.0,-6.609999999999999,glucosamine_chondroitin
FAM_122,TTLXRL,Other,CHEW,CHEW,25.99,65.0794,50.0,False,True,False,False,False,False,True,True,False,-8.614498347371791,87.58,62.526666666666664,glucosamine_chondroitin;boswellia_turmeric_curcumin;msm_hyaluronic_acid,50.0,5.719999999999999,glucosamine_chondroitin
FAM_123,Wuffes,Wuffes,CHEW,CHEW,89.95,67.8955,33.0,True,True,True,True,False,False,False,True,False,40.74128336079078,88.95,75.875,glucosamine_chondroitin;omega3;green_lipped_mussel;msm_hyaluronic_acid,100.0,42.3025,omega3
FAM_124,Wuffes,Wuffes,CHEW,CHEW,69.95,66.8467,40.0,True,True,True,True,False,False,False,True,False,40.74128336079078,88.95,75.875,glucosamine_chondroitin;omega3;green_lipped_mussel;msm_hyaluronic_acid,100.0,42.3025,omega3
FAM_125,Wuffes,Wuffes,CHEW,CHEW,69.95,46.3767,137.0,True,False,True,False,False,False,False,False,False,100.0,88.95,88.95,omega3,100.0,100.0,omega3
FAM_126,Wuffes,Wuffes,CHEW,CHEW,79.95,30.5125,177.0,True,True,True,True,False,False,False,True,False,40.74128336079078,88.95,75.875,glucosamine_chondroitin;omega3;green_lipped_mussel;msm_hyaluronic_acid,100.0,42.3025,omega3
FAM_127,Wuffes,Wuffes,CHEW,CHEW,79.95,39.5431,160.0,True,True,True,True,False,False,False,True,False,40.74128336079078,88.95,75.875,glucosamine_chondroitin;omega3;green_lipped_mussel;msm_hyaluronic_acid,100.0,42.3025,omega3
FAM_128,Petsology,Other,CHEW,CHEW,19.76,55.4639,99.0,True,True,True,True,False,False,True,True,False,39.151686192468624,88.95,71.7,glucosamine_chondroitin;omega3;green_lipped_mussel;boswellia_turmeric_curcumin;msm_hyaluronic_acid,100.0,39.918,omega3
FAM_129,ZEBORA,Other,CHEW,CHEW,16.99,32.6099,174.0,True,True,True,True,False,False,True,True,False,39.151686192468624,88.95,71.7,glucosamine_chondroitin;omega3;green_lipped_mussel;boswellia_turmeric_curcumin;msm_hyaluronic_acid,100.0,39.918,omega3
FAM_130,BioPup,Other,CHEW,CHEW,59.99,41.6691,153.0,True,True,True,False,True,False,True,True,False,38.788079737572545,88.95,71.334,glucosamine_chondroitin;omega3;ucii;boswellia_turmeric_curcumin;msm_hyaluronic_acid,100.0,39.792,omega3
FAM_131,STRELLALAB,STRELLALAB,CHEW,CHEW,24.84,58.7186,85.0,True,True,True,True,False,False,True,True,False,39.151686192468624,88.95,71.7,glucosamine_chondroitin;omega3;green_lipped_mussel;boswellia_turmeric_curcumin;msm_hyaluronic_acid,100.0,39.918,omega3
FAM_134,ROYAL CANIN,Other,CHEW,CHEW,13.49,44.6994,144.0,True,False,True,True,False,False,False,False,False,91.57376023870816,88.95,85.46000000000001,omega3;green_lipped_mussel,100.0,91.215,omega3
FAM_135,Tciika,Other,CHEW,CHEW,9.99,57.0967,89.0,True,True,True,False,False,False,False,True,False,25.315724281135736,88.95,73.84333333333333,glucosamine_chondroitin;omega3;msm_hyaluronic_acid,100.0,28.926666666666666,omega3
FAM_136,DRFOSTER,Other,CHEW,CHEW,23.09,31.4237,176.0,True,True,True,False,False,False,True,True,False,26.322975445702095,88.95,69.1325,glucosamine_chondroitin;omega3;boswellia_turmeric_curcumin;msm_hyaluronic_acid,100.0,29.29,omega3
FAM_137,NuLife Natural Pet Health,Other,LIQUID,LIQUID,24.95,24.9509,182.0,False,True,False,False,False,False,False,True,False,-24.79112686679741,87.58,66.28999999999999,glucosamine_chondroitin;msm_hyaluronic_acid,50.0,-6.609999999999999,glucosamine_chondroitin
FAM_138,Petsology,Other,CHEW,CHEW,17.99,48.2739,131.0,True,True,False,True,False,False,True,True,False,19.07208124652198,87.58,67.3875,glucosamine_chondroitin;green_lipped_mussel;boswellia_turmeric_curcumin;msm_hyaluronic_acid,82.43,24.8975,glucosamine_chondroitin
FAM_139,NATUREFLOW,Other,TABLET,TABLET,28.64,48.9881,128.5,True,True,False,True,False,False,False,True,False,16.173290608249825,87.58,71.51666666666667,glucosamine_chondroitin;green_lipped_mussel;msm_hyaluronic_acid,82.43,23.070000000000004,glucosamine_chondroitin
FAM_140,TTLXBL,Other,CHEW,CHEW,17.99,67.4802,35.0,True,True,True,False,False,False,False,True,False,25.315724281135736,88.95,73.84333333333333,glucosamine_chondroitin;omega3;msm_hyaluronic_acid,100.0,28.926666666666666,omega3
FAM_141,YUMA'S,Other,CHEW,CHEW,23.99,66.6108,41.0,True,True,True,False,False,False,True,True,False,26.322975445702095,88.95,69.1325,glucosamine_chondroitin;omega3;boswellia_turmeric_curcumin;msm_hyaluronic_acid,100.0,29.29,omega3
FAM_142,Vet Promise,Other,CHEW,CHEW,16.16,41.0763,155.0,True,True,True,True,False,False,True,True,False,39.151686192468624,88.95,71.7,glucosamine_chondroitin;omega3;green_lipped_mussel;boswellia_turmeric_curcumin;msm_hyaluronic_acid,100.0,39.918,omega3
FAM_143,Chew + Heal Labs,Other,CHEW,CHEW,39.99,35.899,169.0,True,True,True,True,False,False,True,True,False,39.151686192468624,88.95,71.7,glucosamine_chondroitin;omega3;green_lipped_mussel;boswellia_turmeric_curcumin;msm_hyaluronic_acid,100.0,39.918,omega3
FAM_144,Chew + Heal Labs,Other,CHEW,CHEW,22.99,55.9057,96.0,True,True,True,True,False,False,True,True,False,39.151686192468624,88.95,71.7,glucosamine_chondroitin;omega3;green_lipped_mussel;boswellia_turmeric_curcumin;msm_hyaluronic_acid,100.0,39.918,omega3
FAM_145,Veterinary Formula,Other,TABLET,TABLET,14.97,41.8328,152.0,True,True,True,False,False,False,False,False,False,19.02335240469042,88.95,88.265,glucosamine_chondroitin;omega3,100.0,18.39,omega3
FAM_146,YuMOVE,Other,CHEW,CHEW,32.49,38.586650000000006,160.5,True,True,True,True,False,False,False,True,False,40.74128336079078,88.95,75.875,glucosamine_chondroitin;omega3;green_lipped_mussel;msm_hyaluronic_acid,100.0,42.3025,omega3
FAM_147,CHEWIA,Other,CHEW,CHEW,11.99,28.6357,179.0,False,True,False,False,False,False,True,True,False,-8.614498347371791,87.58,62.526666666666664,glucosamine_chondroitin;boswellia_turmeric_curcumin;msm_hyaluronic_acid,50.0,5.719999999999999,glucosamine_chondroitin
FAM_148,Native Pet,Other,POWDER,POWDER,24.99,51.5634,118.0,True,True,False,True,True,False,False,True,False,34.020263666904206,87.58,73.6725,glucosamine_chondroitin;green_lipped_mussel;ucii;msm_hyaluronic_acid,82.43,37.7525,glucosamine_chondroitin
FAM_149,NHWHDJH,Other,CHEW,CHEW,18.99,42.7071,151.0,True,True,True,True,False,False,True,True,False,39.151686192468624,88.95,71.7,glucosamine_chondroitin;omega3;green_lipped_mussel;boswellia_turmeric_curcumin;msm_hyaluronic_acid,100.0,39.918,omega3
FAM_150,SnazFirst,Other,GEL,Other,9.98,37.2646,164.0,True,True,True,True,True,False,True,True,False,46.94357901696153,88.95,73.10666666666667,glucosamine_chondroitin;omega3;green_lipped_mussel;ucii;boswellia_turmeric_curcumin;msm_hyaluronic_acid,100.0,46.89833333333333,omega3
FAM_151,Wuffes,Wuffes,LIQUID,LIQUID,64.95,45.2521,142.0,True,True,False,False,True,False,True,True,False,18.450412371134018,87.58,66.93,glucosamine_chondroitin;ucii;boswellia_turmeric_curcumin;msm_hyaluronic_acid,81.8,24.74,glucosamine_chondroitin
FAM_152,Native Pet,Other,CHEW,CHEW,24.99,35.4397,170.0,True,True,False,False,True,False,False,True,False,15.365947724708537,87.58,70.90666666666667,glucosamine_chondroitin;ucii;msm_hyaluronic_acid,81.8,22.86,glucosamine_chondroitin
FAM_153,HEAPETS,Other,CHEW,CHEW,9.49,23.2819,185.0,True,True,True,True,False,False,True,True,False,39.151686192468624,88.95,71.7,glucosamine_chondroitin;omega3;green_lipped_mussel;boswellia_turmeric_curcumin;msm_hyaluronic_acid,100.0,39.918,omega3
FAM_154,DRMOIS,Other,CHEW,CHEW,19.99,23.0055,186.0,True,True,True,True,False,False,True,True,False,39.151686192468624,88.95,71.7,glucosamine_chondroitin;omega3;green_lipped_mussel;boswellia_turmeric_curcumin;msm_hyaluronic_acid,100.0,39.918,omega3
FAM_156,STRELLALAB,STRELLALAB,CHEW,CHEW,17.96,61.437,67.0,True,True,True,False,False,False,False,True,False,25.315724281135736,88.95,73.84333333333333,glucosamine_chondroitin;omega3;msm_hyaluronic_acid,100.0,28.926666666666666,omega3
FAM_157,OKKÖBI,Other,CHEW,CHEW,13.99,40.3889,156.0,True,True,False,True,False,False,True,True,False,19.07208124652198,87.58,67.3875,glucosamine_chondroitin;green_lipped_mussel;boswellia_turmeric_curcumin;msm_hyaluronic_acid,82.43,24.8975,glucosamine_chondroitin
FAM_158,ColEaze,Other,CHEW,CHEW,16.99,36.8138,168.0,True,True,True,True,False,True,True,True,False,43.79620193470375,88.95,68.91666666666667,glucosamine_chondroitin;omega3;green_lipped_mussel;eggshell_membrane;boswellia_turmeric_curcumin;msm_hyaluronic_acid,100.0,45.60999999999999,omega3
FAM_160,Petsology,Other,CHEW,CHEW,19.79,59.1271,83.0,True,True,True,True,False,False,True,True,False,39.151686192468624,88.95,71.7,glucosamine_chondroitin;omega3;green_lipped_mussel;boswellia_turmeric_curcumin;msm_hyaluronic_acid,100.0,39.918,omega3
FAM_161,Zozdal,Other,CHEW,CHEW,15.33,40.2685,157.0,True,True,False,True,False,False,True,True,False,19.07208124652198,87.58,67.3875,glucosamine_chondroitin;green_lipped_mussel;boswellia_turmeric_curcumin;msm_hyaluronic_acid,82.43,24.8975,glucosamine_chondroitin
FAM_162,Vialoe,Other,CHEW,CHEW,29.98,38.2919,162.0,True,True,True,True,False,False,True,True,False,39.151686192468624,88.95,71.7,glucosamine_chondroitin;omega3;green_lipped_mussel;boswellia_turmeric_curcumin;msm_hyaluronic_acid,100.0,39.918,omega3
FAM_163,ELEVTC,Other,CHEW,CHEW,10.99,35.2679,171.0,True,True,False,True,False,False,True,True,False,19.07208124652198,87.58,67.3875,glucosamine_chondroitin;green_lipped_mussel;boswellia_turmeric_curcumin;msm_hyaluronic_acid,82.43,24.8975,glucosamine_chondroitin
FAM_164,Native Pet,Other,POWDER,POWDER,29.99,45.4048,141.0,True,False,False,False,True,False,False,False,False,81.8,80.14,80.14,ucii,81.8,81.8,ucii
FAM_165,Petscy,Other,CHEW,CHEW,31.99,20.7438,191.0,True,True,True,True,False,False,True,True,False,39.151686192468624,88.95,71.7,glucosamine_chondroitin;omega3;green_lipped_mussel;boswellia_turmeric_curcumin;msm_hyaluronic_acid,100.0,39.918,omega3
FAM_166,PureJoy Pets,Other,CHEW,CHEW,38.99,23.5462,184.0,False,True,False,False,False,False,False,True,False,-24.79112686679741,87.58,66.28999999999999,glucosamine_chondroitin;msm_hyaluronic_acid,50.0,-6.609999999999999,glucosamine_chondroitin
FAM_167,VETIQ,Other,CHEW,CHEW,18.71,49.6758,125.0,True,True,True,False,False,False,False,True,False,25.315724281135736,88.95,73.84333333333333,glucosamine_chondroitin;omega3;msm_hyaluronic_acid,100.0,28.926666666666666,omega3
FAM_168,Pro Plan Veterinary Diets,Other,CHEW,CHEW,24.99,53.7534,111.0,True,True,True,False,False,False,False,True,False,25.315724281135736,88.95,73.84333333333333,glucosamine_chondroitin;omega3;msm_hyaluronic_acid,100.0,28.926666666666666,omega3
FAM_170,BARK&SPARK,Other,CHEW,CHEW,19.9,22.9458,187.0,True,True,True,False,False,False,False,True,False,25.315724281135736,88.95,73.84333333333333,glucosamine_chondroitin;omega3;msm_hyaluronic_acid,100.0,28.926666666666666,omega3
FAM_171,CFILIHTC,Other,LIQUID_DROPS,Other,16.99,27.7927,180.0,True,True,True,False,False,False,True,True,False,26.322975445702095,88.95,69.1325,glucosamine_chondroitin;omega3;boswellia_turmeric_curcumin;msm_hyaluronic_acid,100.0,29.29,omega3
FAM_172,Kadays,Other,CHEW,CHEW,6.99,40.0256,159.0,False,True,False,False,False,False,True,True,False,-8.614498347371791,87.58,62.526666666666664,glucosamine_chondroitin;boswellia_turmeric_curcumin;msm_hyaluronic_acid,50.0,5.719999999999999,glucosamine_chondroitin
FAM_173,Luckiepaw,Other,CHEW,CHEW,29.99,21.136,189.0,True,True,False,False,True,False,False,False,True,14.438115557271805,87.58,69.05666666666667,glucosamine_chondroitin;ucii;asu,81.8,22.86,glucosamine_chondroitin
FAM_174,Proactive Paws,Other,POWDER,POWDER,39.95,22.8862,188.0,True,True,False,False,True,True,False,True,False,27.42602121619602,87.58,66.93,glucosamine_chondroitin;ucii;eggshell_membrane;msm_hyaluronic_acid,81.8,35.662499999999994,glucosamine_chondroitin
FAM_177,STHHD,Other,CHEW,CHEW,8.99,24.9907,181.0,True,True,False,True,False,False,True,True,False,19.07208124652198,87.58,67.3875,glucosamine_chondroitin;green_lipped_mussel;boswellia_turmeric_curcumin;msm_hyaluronic_acid,82.43,24.8975,glucosamine_chondroitin
FAM_178,WEALLIN,Other,CHEW,CHEW,18.99,36.8179,167.0,True,True,False,True,False,False,True,True,False,19.07208124652198,87.58,67.3875,glucosamine_chondroitin;green_lipped_mussel;boswellia_turmeric_curcumin;msm_hyaluronic_acid,82.43,24.8975,glucosamine_chondroitin
FAM_180,Zubest,Other,POWDER,POWDER,10.99,24.6135,183.0,False,True,False,False,False,False,False,True,False,-24.79112686679741,87.58,66.28999999999999,glucosamine_chondroitin;msm_hyaluronic_acid,50.0,-6.609999999999999,glucosamine_chondroitin
FAM_185,Chew + Heal Labs,Other,CHEW,CHEW,8.99,54.3754,108.0,False,True,False,False,False,False,False,True,False,-24.79112686679741,87.58,66.28999999999999,glucosamine_chondroitin;msm_hyaluronic_acid,50.0,-6.609999999999999,glucosamine_chondroitin
FAM_187,Bernie's,Other,CHEW,CHEW,31.99,21.0192,190.0,True,True,True,True,False,False,True,True,False,39.151686192468624,88.95,71.7,glucosamine_chondroitin;omega3;green_lipped_mussel;boswellia_turmeric_curcumin;msm_hyaluronic_acid,100.0,39.918,omega3
