cluster,evidence_record,design,species,directness,outcomes,sample,direction,record_type,n,url,note,quality_score
omega3,Barbeau-Grégoire 2022 systematic review/meta-analysis,30,18,18,15,15,1.0,SYSTEMATIC_REVIEW,57 articles / 72 trials across nutraceutical categories,https://pubmed.ncbi.nlm.nih.gov/36142319/,Review reported evident clinical analgesic efficacy for omega-3-enriched diets/supplements.,96
omega3,Roush 2010 RCT,26,20,16,15,9,1.0,RCT,38 dogs,https://pubmed.ncbi.nlm.nih.gov/20043801/,Randomized double-blind controlled trial; improved weight bearing with omega-3-enriched food.,86
omega3,Fritsch 2010 multicenter RCT,26,20,16,12,15,1.0,RCT,127 dogs,https://pubmed.ncbi.nlm.nih.gov/20043800/,Randomized double-blind controlled multicenter diet trial.,89
omega3,Pye 2024 evidence review,28,18,18,12,15,1.0,REVIEW,multiple canine studies,https://pubmed.ncbi.nlm.nih.gov/37776028/,Review concluded omega-3 could provide analgesic effect and cited multiple randomized studies.,91
glucosamine_chondroitin,McCarthy 2007 active-controlled RCT,23,20,20,8,9,0.5,RCT,35 dogs,https://pubmed.ncbi.nlm.nih.gov/16647870/,Positive veterinarian-assessed outcomes; active control and subjective primary assessment limit inference.,80
glucosamine_chondroitin,Scott 2017 placebo-controlled RCT,26,20,17,15,12,-1.0,RCT,60 dogs,https://pubmed.ncbi.nlm.nih.gov/28763523/,No significant increase in activity counts or between-group owner-assessment benefit versus placebo.,90
glucosamine_chondroitin,Suwankong 2023 multi-arm placebo-controlled RCT,26,20,20,15,12,-1.0,RCT,75 dogs across five groups,https://pubmed.ncbi.nlm.nih.gov/36816197/,Glucosamine/chondroitin group did not improve objective PVF versus placebo while marine fatty-acid groups did.,93
glucosamine_chondroitin,Barbeau-Grégoire 2022 systematic review/meta-analysis,30,18,18,15,15,-1.0,SYSTEMATIC_REVIEW,57 articles / 72 trials across nutraceutical categories,https://pubmed.ncbi.nlm.nih.gov/36142319/,Review found marked non-effect/lack of analgesic efficacy for chondroitin-glucosamine nutraceuticals.,96
glucosamine_chondroitin,Pye 2024 evidence review,28,18,18,12,15,-0.5,REVIEW,multiple canine studies,https://pubmed.ncbi.nlm.nih.gov/37776028/,Review described mixed trials and stated beneficial effects cannot be confirmed; analgesic efficacy not well demonstrated.,91
green_lipped_mussel,Bierer/Bui 2003 clinical trial,18,20,20,8,12,1.0,CLINICAL_TRIAL,dogs with arthritis,https://pubmed.ncbi.nlm.nih.gov/15136981/,"Improved total arthritis score, joint pain and swelling.",78
green_lipped_mussel,Hielm-Björkman 2009 randomized double-controlled trial,26,20,20,15,9,1.0,RCT,45 dogs completed,https://pubmed.ncbi.nlm.nih.gov/18955269/,"Several pain/mobility outcomes favored GLM, though less effective than carprofen.",90
green_lipped_mussel,Pye 2024 evidence review,28,18,18,12,15,0.5,REVIEW,multiple canine studies,https://pubmed.ncbi.nlm.nih.gov/37776028/,"Promising positive findings but inconsistencies, dose heterogeneity and need for further research.",91
ucii,Stabile 2019 randomized controlled study,20,20,20,12,12,1.0,RCT,60 dogs,https://pubmed.ncbi.nlm.nih.gov/31487772/,UC-II and robenacoxib groups showed similar within-group mobility improvements over 30 days.,84
ucii,UC-II + Boswellia 2024 crossover RCT,26,20,8,15,6,1.0,RCT_COMBINATION,17 randomized OA dogs,https://pubmed.ncbi.nlm.nih.gov/39475935/,"Randomized double-blind placebo-controlled crossover trial of a combination, limiting UC-II-specific attribution.",75
ucii,Pye 2024 evidence review,28,18,18,12,15,0.5,REVIEW,multiple canine studies,https://pubmed.ncbi.nlm.nih.gov/37776028/,Review described beneficial studies but noted more objective evidence and dose clarification are needed.,91
eggshell_membrane,Muller 2019 pilot placebo-controlled RCT,26,20,20,12,6,0.5,PILOT_RCT,27 enrolled / 22 completed,https://pubmed.ncbi.nlm.nih.gov/31685140/,Small pilot; LOAD improved but authors explicitly stated results were not definitive.,84
eggshell_membrane,2025 multicenter placebo-controlled RCT,26,20,8,12,12,1.0,RCT_COMBINATION,52 enrolled / 46 completed,https://pubmed.ncbi.nlm.nih.gov/40530040/,Positive multi-ingredient formula; eggshell contribution cannot be isolated.,78
boswellia_turmeric_curcumin,Innes 2003 turmeric extract placebo-controlled RCT,26,20,20,15,12,0.0,RCT,61 dogs,https://pubmed.ncbi.nlm.nih.gov/12723628/,Objective force-plate outcome was not significantly different; investigator global assessment favored treatment while owner assessment narrowly missed significance.,93
boswellia_turmeric_curcumin,Caterino 2021 Boswellia/Curcuvet combination RCT,20,20,8,15,6,0.5,RCT_COMBINATION,20 dogs,https://pubmed.ncbi.nlm.nih.gov/34048452/,Small study; target ingredients were added to a conventional multi-ingredient nutraceutical.,69
boswellia_turmeric_curcumin,UC-II + Boswellia 2024 crossover RCT,26,20,8,15,6,0.5,RCT_COMBINATION,17 randomized OA dogs,https://pubmed.ncbi.nlm.nih.gov/39475935/,Positive combination trial; cannot isolate Boswellia contribution.,75
msm_hyaluronic_acid,Martello 2022 multi-ingredient placebo-controlled RCT,26,20,8,12,9,0.5,RCT_COMBINATION,40 dogs,https://pubmed.ncbi.nlm.nih.gov/35171954/,Positive multi-ingredient supplement including HA; cannot isolate HA/MSM effects. MSM was not the isolated intervention.,75
asu,Boileau 2009 induced-OA canine model,10,12,20,5,5,0.5,EXPERIMENTAL_CANINE,16 dogs,https://pubmed.ncbi.nlm.nih.gov/19291317/,Structural effects in experimentally induced OA; not a client-owned clinical outcomes trial.,52
